latitude,longitude,neighborhood,neighborhood_id
40.73221853,-73.98165557,Stuy Town/Peter Cooper Village,224
40.74322681432173,-73.97449783980846,Kips Bay,137
40.73652889,-74.00618026,Meatpacking/West Village West,158
40.72521311,-73.97768752,Alphabet City,4
40.76087502,-74.00277668,West Chelsea/Hudson Yards,246
40.799484,-73.955613,Central Park,43
40.74144387,-73.97536082,Kips Bay,137
40.714211,-73.981095,Two Bridges/Seward Park,232
40.738046142482766,-73.99642959237099,Flatiron,90
40.75206862,-73.96784384,UN/Turtle Bay South,233
40.73454567,-73.99074142,Greenwich Village North,113
40.768254,-73.988639,Clinton East,48
40.7612274,-73.96094022,Lenox Hill West,141
40.75898481399634,-73.99379968643188,Clinton East,48
40.707873,-74.00167,Seaport,209
40.734232,-73.986923,Gramercy,107
40.797911,-73.9423,East Harlem North,74
40.71427487,-73.98990025,Two Bridges/Seward Park,232
40.72710258,-74.00297088,Hudson Sq,125
40.7361967,-74.00859207,Meatpacking/West Village West,158
40.752269,-73.982079,Midtown South,164
40.8025566,-73.9490782,Central Harlem,41
40.739445,-73.976806,Kips Bay,137
40.74765947,-73.98490707,Midtown South,164
40.77896784,-73.97374737,Central Park,43
40.76269882,-73.99301222,Clinton East,48
40.751581,-73.97791,Murray Hill,170
40.73224119,-74.00026394,Greenwich Village South,114
40.75038009,-73.98338988,Midtown South,164
40.77492513,-73.98266566,Lincoln Square East,142
40.70862144,-74.00722156,Financial District North,87
40.8067581,-73.9607082,Morningside Heights,166
40.74780373,-73.9734419,Murray Hill,170
40.7989445,-73.944846,East Harlem North,74
40.72746420692392,-73.97950418293476,East Village,79
40.77314236,-73.95856158,Upper East Side North,236
40.74177603,-74.00149746,East Chelsea,68
40.71117416,-74.00016545,Chinatown,45
40.7829391,-73.9786517,Upper West Side South,239
40.8021174,-73.9681805305,Bloomingdale,24
40.77632142182271,-73.96427392959595,Central Park,43
40.78112229934166,-73.94965589046478,Yorkville West,263
40.74345335,-74.00004031,East Chelsea,68
40.70569254,-74.01677685,Battery Park City,13
40.770513,-73.988038,Lincoln Square West,143
40.7457121,-73.98194829,Murray Hill,170
40.74311555376486,-73.98215353488922,Murray Hill,170
40.72953837,-73.98426726,East Village,79
40.74317449,-74.00366443,East Chelsea,68
40.73587678,-73.98205027,Gramercy,107
40.77118287540658,-73.96409422159195,Upper East Side South,237
40.7801839724239,-73.97728532552719,Upper West Side South,239
40.701907,-74.013942,Battery Park,12
40.78524672,-73.97667321,Upper West Side South,239
40.714851505262516,-74.01122331619263,TriBeCa/Civic Center,231
40.7785669,-73.97754961,Lincoln Square East,142
40.73935542,-73.99931783,Flatiron,90
40.77579376683666,-73.9762057363987,Central Park,43
40.75934501,-73.96759673,Sutton Place/Turtle Bay North,229
40.741459,-73.983293,Gramercy,107
40.77163851,-73.98261428,Lincoln Square East,142
40.78307,-73.95939,Central Park,43
40.763954,-73.9646,Lenox Hill West,141
40.77282817,-73.96685276,Central Park,43
40.751551,-73.993934,East Chelsea,68
40.75019995,-73.99093085,Penn Station/Madison Sq West,186
40.720747,-73.986274,Lower East Side,148
40.751873,-73.977706,Murray Hill,170
40.7643971,-73.97371465,Midtown North,163
40.71273266,-74.0046073,TriBeCa/Civic Center,231
40.7734066,-73.97782542,Central Park,43
40.73401143,-74.00293877,West Village,249
40.78472675,-73.96961715,Central Park,43
40.73020660529954,-73.99102628231049,Greenwich Village North,113
40.7172274,-73.98802084,Lower East Side,148
40.73269,-73.98974,East Village,79
40.73226398,-73.99852205,Greenwich Village North,113
40.726378,-74.000472,SoHo,211
40.72621788,-73.98379855,East Village,79
40.75660359,-73.9979009,West Chelsea/Hudson Yards,246
40.7699426,-73.96060712,Upper East Side South,237
40.70838,-74.00495,Financial District North,87
40.8078316,-73.949373,Central Harlem,41
40.751396,-74.005226,West Chelsea/Hudson Yards,246
40.77966809007312,-73.98093044757842,Lincoln Square West,143
40.75510267,-73.97498696,Midtown East,162
40.754120810779256,-73.98025184869766,Midtown Center,161
40.76009437,-73.99461843,Clinton East,48
40.71893904,-73.99266288,Lower East Side,148
40.734814,-73.992085,Greenwich Village North,113
40.77573034,-73.9567526,Upper East Side North,236
40.72317958,-73.99480012,Little Italy/NoLiTa,144
40.7973721,-73.97041192,Manhattan Valley,151
40.71625008,-74.0091059,TriBeCa/Civic Center,231
40.722103786686034,-73.99724900722504,Little Italy/NoLiTa,144
40.72494672359416,-74.00165855884552,SoHo,211
40.782593,-73.971211,Central Park,43
40.736502,-73.97809472,Stuy Town/Peter Cooper Village,224
40.7997568,-73.9621128676,Bloomingdale,24
40.76590936,-73.97634151,Central Park,43
40.72243797,-74.00566443,Hudson Sq,125
40.71754834,-74.01322069,Battery Park City,13
40.79313480986663,-73.97700369358063,Upper West Side North,238
40.74487634,-73.99529885,Flatiron,90
40.73047309,-73.98672378,East Village,79
40.71291224,-74.01020234,TriBeCa/Civic Center,231
40.78720869,-73.98128127,Upper West Side South,239
40.76500525,-73.95818491,Lenox Hill West,141
40.7262807,-73.98978041,East Village,79
40.7284186,-73.98713956,East Village,79
40.72743423,-73.99379025,Greenwich Village South,114
40.76227205,-73.98788205,Clinton East,48
40.74937024193277,-73.99923384189606,East Chelsea,68
40.75455731,-73.96592976,Sutton Place/Turtle Bay North,229
40.72917025,-73.99810231,Greenwich Village South,114
40.75992262,-73.97648516,Midtown Center,161
40.76019252,-73.9912551,Clinton East,48
40.72903917,-73.99404649,Greenwich Village North,113
40.7158155,-73.99422366,Lower East Side,148
40.7892529,-73.93956237,East Harlem South,75
40.72966729392978,-73.98067966103554,East Village,79
40.7770575,-73.97898475,Lincoln Square East,142
40.72217444,-73.98368779,East Village,79
40.7687620293096,-73.95840793848038,Lenox Hill West,141
40.71494807,-74.00234482,TriBeCa/Civic Center,231
40.7505853470215,-73.9946848154068,East Chelsea,68
40.758397,-73.98255,Times Sq/Theatre District,230
40.75594159,-74.0021163,West Chelsea/Hudson Yards,246
40.77748046,-73.98288594,Lincoln Square West,143
40.739448201304036,-74.00507032871246,West Village,249
40.78839,-73.9747,Upper West Side North,238
40.77536905,-73.94803392,Yorkville East,262
40.75172632,-73.98753523,Garment District,100
40.76915505,-73.98191841,Lincoln Square East,142
40.76727216,-73.99392888,Clinton West,50
40.75255434,-73.97282625,UN/Turtle Bay South,233
40.728846,-74.008591,Hudson Sq,125
40.75724567911726,-73.97805914282799,Midtown Center,161
40.789622,-73.97757,Upper West Side North,238
40.78499979,-73.97283406,Upper West Side South,239
40.75892386377695,-73.96226227283478,Sutton Place/Turtle Bay North,229
40.71406667,-73.99293911,Chinatown,45
40.71782143,-73.97628939,Two Bridges/Seward Park,232
40.80698,-73.941747,East Harlem North,74
40.74901271,-73.98848395,Penn Station/Madison Sq West,186
40.763604677958625,-73.98917958140373,Clinton East,48
40.722055,-73.989111,Lower East Side,148
40.71559509,-73.9870295,Two Bridges/Seward Park,232
40.76370739,-73.9851615,Clinton East,48
40.74286877312112,-73.98918628692627,Union Sq,234
40.73532427,-73.99800419,Greenwich Village North,113
40.72951496224949,-73.99075269699097,East Village,79
40.71748752,-74.0104554,TriBeCa/Civic Center,231
40.7390169121,-74.0026376103,West Village,249
40.7403432,-73.98955109,Union Sq,234
40.804213,-73.96699104,Bloomingdale,24
40.799041392882984,-73.96649479866028,Manhattan Valley,151
40.73535398,-74.00483091,West Village,249
40.759125,-73.962658,Sutton Place/Turtle Bay North,229
40.7462009,-73.98855723,Midtown South,164
40.742753828659026,-74.00747358798981,East Chelsea,68
40.76312584,-73.96526895,Lenox Hill West,141
40.74691959,-74.00451887,East Chelsea,68
40.74394314,-73.97966069,Murray Hill,170
40.733812191966315,-73.98054420948029,Stuy Town/Peter Cooper Village,224
40.774779448957275,-73.95427465438843,Yorkville West,263
40.73624527,-73.98473765,Gramercy,107
40.7277140777778,-74.01129573583603,Hudson Sq,125
40.74290902,-73.97706058,Kips Bay,137
40.8008363,-73.9664492472,Bloomingdale,24
40.74964,-73.98805,Penn Station/Madison Sq West,186
40.71939226,-74.00247214,TriBeCa/Civic Center,231
40.73047747,-73.99906065,Greenwich Village South,114
40.72019576,-73.98997825,Lower East Side,148
40.8143256,-73.9590255,Morningside Heights,166
40.76663814,-73.95348296,Lenox Hill East,140
40.72453734,-73.98185424,East Village,79
40.75797322,-73.96603308,Sutton Place/Turtle Bay North,229
40.72307749068673,-73.98583620786667,East Village,79
40.74475148,-73.99915362,East Chelsea,68
40.75828065,-73.97069431,Midtown East,162
40.75714758,-73.97207836,Midtown East,162
40.718822,-73.99596,Little Italy/NoLiTa,144
40.725864,-73.986389,East Village,79
40.735238,-74.000271,West Village,249
40.7919557,-73.968087,Upper West Side North,238
40.71850211,-73.98329859,Two Bridges/Seward Park,232
40.76341379,-73.99667444,Clinton West,50
40.74096374,-73.98602213,Union Sq,234
40.76471851944339,-73.96222069859505,Lenox Hill West,141
40.76095756,-73.96724467,Midtown East,162
40.77140426,-73.9535166,Lenox Hill West,141
40.74238787,-73.99726235,Flatiron,90
40.73781509,-73.99994661,West Village,249
40.7454973,-74.00197139,East Chelsea,68
40.78948541553215,-73.95242929458618,East Harlem South,75
40.739323,-74.008119,Meatpacking/West Village West,158
40.71173107,-73.99193043,Two Bridges/Seward Park,232
40.79017948095081,-73.97288918495178,Upper West Side North,238
40.72456089,-73.99565293,Little Italy/NoLiTa,144
40.71450451,-74.00562789,TriBeCa/Civic Center,231
40.7575699,-73.99098507,Clinton East,48
40.70717936,-74.00887308,Financial District North,87
40.749156,-73.9916,Penn Station/Madison Sq West,186
40.71269042,-73.98776323,Two Bridges/Seward Park,232
40.70834698,-74.01713445,Battery Park City,13
40.805973,-73.964928,Morningside Heights,166
40.75929124,-73.98859651,Clinton East,48
40.71739973,-73.98016555,Two Bridges/Seward Park,232
40.73314259,-73.97573881,Stuy Town/Peter Cooper Village,224
40.74734825,-73.99723551,East Chelsea,68
40.7937704,-73.971888,Upper West Side North,238
40.75066386,-74.00176802,East Chelsea,68
40.73912601,-73.97973776,Kips Bay,137
40.76030096,-73.99884222,West Chelsea/Hudson Yards,246
40.75500254,-73.98014437,Midtown Center,161
40.72706363348306,-73.99662137031554,Greenwich Village South,114
40.801694,-73.957145,Central Harlem,41
40.71910537,-73.99973337,Little Italy/NoLiTa,144
40.71076228,-73.99400398,Chinatown,45
40.7489006,-73.97604882,Murray Hill,170
40.7987859,-73.9523,Central Harlem,41
40.72405549,-74.00965965,TriBeCa/Civic Center,231
40.72228087,-73.97668709,Alphabet City,4
40.72502876,-73.99069656,East Village,79
40.77801203,-73.95407149,Yorkville West,263
40.755293,-73.967641,Sutton Place/Turtle Bay North,229
40.74173969,-73.99415556,Flatiron,90
40.735367055605394,-73.98797392845154,Gramercy,107
40.7691572,-73.96703464,Upper East Side South,237
40.7839636,-73.9471673,Yorkville West,263
40.71146364,-74.00552427,Seaport,209
40.73038599,-74.00214988,West Village,249
40.72299208,-73.97995466,Alphabet City,4
40.71413089,-73.9970468,Lower East Side,148
40.73223272,-73.98889957,East Village,79
40.7974772,-73.9311847,East Harlem North,74
40.711512,-74.015756,Battery Park City,13
40.7451677,-73.98683077,Midtown South,164
40.73726186,-73.99238967,Union Sq,234
40.735918,-74.000939,West Village,249
40.773763,-73.96222088,Upper East Side South,237
40.7728384,-73.94989233,Yorkville East,262
40.72110063,-73.9919254,Lower East Side,148
40.791976,-73.945993,East Harlem South,75
40.72082834,-73.97793172,Alphabet City,4
40.8125511,-73.9492286,Central Harlem North,42
40.73291553,-74.00711384,Meatpacking/West Village West,158
40.74395411,-73.99144871,Union Sq,234
40.71605866,-73.99190759,Lower East Side,148
40.7961535,-73.94782145,East Harlem South,75
40.7903051,-73.94755757,East Harlem South,75
40.746647,-73.993915,Penn Station/Madison Sq West,186
40.7981856,-73.9605909006,Manhattan Valley,151
40.746745,-74.007756,West Chelsea/Hudson Yards,246
40.71911552,-74.00666661,TriBeCa/Civic Center,231
40.749717753,-74.002950346,West Chelsea/Hudson Yards,246
40.7869946,-73.94164802,East Harlem South,75
40.72740794,-73.98142006,East Village,79
40.72229346,-73.99147535,Lower East Side,148
40.70955958,-74.00653609,Financial District North,87
40.7435337324616,-74.00367558002472,East Chelsea,68
40.74444921,-73.98303529,Murray Hill,170
40.75022392,-73.97121414,UN/Turtle Bay South,233
40.7882213,-73.97041561,Upper West Side North,238
40.72362738,-73.99949601,SoHo,211
40.7381765,-73.97738662,Kips Bay,137
40.809725,-73.953149,Central Harlem,41
40.7597108,-73.97402311,Midtown Center,161
40.73704984,-73.99009296,Union Sq,234
40.77565541,-73.95068615,Yorkville West,263
40.71622644,-73.98261206,Two Bridges/Seward Park,232
40.71307916,-73.99851193,Chinatown,45
40.7941654,-73.974124,Upper West Side North,238
40.70463,-74.01507,Battery Park,12
40.813358,-73.956461,Morningside Heights,166
40.76350532,-73.97109243,Upper East Side South,237
40.7208736,-73.98085795,Alphabet City,4
40.70530954,-74.00612572,Financial District North,87
40.7945663,-73.9362541,East Harlem North,74
40.73827428,-73.98751968,Gramercy,107
40.747573958954796,-73.9788007736206,Murray Hill,170
40.7949879,-73.9333349,East Harlem North,74
40.73143724085228,-73.99490341544151,Greenwich Village North,113
40.754691750226016,-73.99740189313889,East Chelsea,68
40.72368361,-73.97574813,Alphabet City,4
40.809495347779475,-73.94776493310928,Central Harlem,41
40.74334935,-74.00681753,East Chelsea,68
40.7921,-73.9739,Upper West Side North,238
40.717571,-74.005549,TriBeCa/Civic Center,231
40.7047177,-74.00926027,Financial District North,87
40.75097711,-73.98765428,Garment District,100
40.7969347,-73.9643412291,Manhattan Valley,151
40.70255065,-74.0127234,Financial District South,88
40.70365182,-74.01167797,Financial District South,88
40.735445,-73.99431,Greenwich Village North,113
40.7954121,-73.9441232,East Harlem South,75
40.72185379,-74.00771779,TriBeCa/Civic Center,231
40.79329668,-73.9432083,East Harlem South,75
40.76302594280519,-73.97209525108337,Midtown North,163
40.73172428,-74.00674436,Meatpacking/West Village West,158
40.72580614,-73.97422494,Alphabet City,4
40.72066442,-73.98517977,Lower East Side,148
40.75323098,-73.97032517,UN/Turtle Bay South,233
40.759107,-73.959223,Lenox Hill East,140
40.77515953434235,-73.98918695747852,Lincoln Square West,143
40.73331967,-73.99510132,Greenwich Village North,113
40.782454175279874,-73.9489196240902,Yorkville West,263
40.72779126,-73.98564945,East Village,79
40.7923272,-73.9383,East Harlem North,74
40.761573,-73.972628,Midtown North,163
40.79127,-73.964839,Central Park,43
40.7546011026,-73.971878855,Midtown East,162
40.71334184275907,-74.00935515761375,TriBeCa/Civic Center,231
40.766368,-73.971518,Central Park,43
40.781410700190015,-73.95595908164978,Upper East Side North,236
40.744219,-73.97121214,UN/Turtle Bay South,233
40.8011939,-73.9500739,Central Harlem,41
40.7689738,-73.95482273,Lenox Hill East,140
40.8006721,-73.9349,East Harlem North,74
40.778301,-73.9488134,Yorkville West,263
40.713126,-73.984844,Two Bridges/Seward Park,232
40.79406660818552,-73.96286845207214,Central Park,43
40.7862586,-73.94552579,East Harlem South,75
40.79747,-73.93504,East Harlem North,74
40.77862688,-73.95772073,Upper East Side North,236
40.7892105,-73.94370784,East Harlem South,75
40.7859201,-73.94860294,East Harlem South,75
40.71219906,-73.97948148,Two Bridges/Seward Park,232
40.805159,-73.954692,Central Harlem,41
40.78057799010334,-73.98562431335449,Upper West Side South,239
40.8038654,-73.9559308,Central Harlem,41
40.804038,-73.945925,East Harlem North,74
40.77149671054441,-73.99046033620834,Lincoln Square West,143
40.77518615,-73.94446054,Yorkville East,262
40.71602118,-73.99974372,Chinatown,45
40.808442,-73.9452087,Central Harlem,41
40.70905623,-74.01043382,Financial District North,87
40.752165280621966,-73.97992193698882,Murray Hill,170
40.7724607,-73.9468208,Yorkville East,262
40.724308321602166,-74.00473035871983,Hudson Sq,125
40.71117444,-73.99682619,Chinatown,45
40.70355377,-74.00670227,Financial District North,87
40.7727966,-73.95577801,Lenox Hill West,141
40.76873687,-73.96119945,Lenox Hill West,141
40.7817212,-73.94594,Yorkville West,263
40.77112927,-73.95772297,Lenox Hill West,141
40.76800889305947,-73.96845281124115,Upper East Side South,237
40.795,-73.9645,Manhattan Valley,151
40.787801,-73.953559,East Harlem South,75
40.777507027547976,-73.98888587951659,Lincoln Square West,143
40.70122128,-74.01234218,Financial District South,88
40.8082,-73.9641,Morningside Heights,166
40.711066,-74.009447,World Trade Center,261
40.78813,-73.95206,East Harlem South,75
40.795346,-73.96186,Central Park,43
40.7779453,-73.946041,Yorkville East,262
40.76712840349542,-73.96224617958069,Lenox Hill West,141
40.8107922,-73.9430681,Central Harlem North,42
40.805726,-73.936322,East Harlem North,74
40.75001986,-73.96905301,UN/Turtle Bay South,233
40.7746671,-73.98470567,Lincoln Square West,143
40.8013066,-73.9398167,East Harlem North,74
40.8013434,-73.9711457439,Manhattan Valley,151
40.78414472,-73.98362492,Upper West Side South,239
40.799139,-73.9389152,East Harlem North,74
40.73971301,-73.99456405,Union Sq,234
40.72019521437465,-74.0103006362915,TriBeCa/Civic Center,231
40.7153379,-74.01658354,Battery Park City,13
40.7781314,-73.96069399,Upper East Side North,236
40.77677702,-73.9590097,Upper East Side North,236
40.7904828,-73.95033068,East Harlem South,75
40.804372,-73.951475,Central Harlem,41
40.7806284,-73.9521667,Yorkville West,263
40.8120562,-73.9612547,Morningside Heights,166
40.8086249,-73.9596214,Morningside Heights,166
40.7867947,-73.977112,Upper West Side South,239
40.8109494,-73.9634,Morningside Heights,166
40.7835016,-73.955327,Upper East Side North,236
40.8014866,-73.9442507,East Harlem North,74
40.730563,-73.973984,Stuy Town/Peter Cooper Village,224
40.7149787,-74.013012,TriBeCa/Civic Center,231
40.8005385,-73.9419949,East Harlem North,74
40.71926081,-73.98178024,Two Bridges/Seward Park,232
40.796879,-73.937261,East Harlem North,74
40.7857851,-73.957481,Central Park,43
40.818299,-73.960405,Manhattanville,152
40.8045555,-73.9396861,East Harlem North,74
40.81,-73.9551508,Morningside Heights,166
40.732339777151054,-73.97898383438587,Stuy Town/Peter Cooper Village,224
40.71870987,-74.0090009,TriBeCa/Civic Center,231
40.814394437915816,-73.95324736833572,Manhattanville,152
40.70706456,-74.00731853,Financial District North,87
40.7849032,-73.950503,Upper East Side North,236
40.81028506306003,-73.95736455917358,Morningside Heights,166
40.80295,-73.942954,East Harlem North,74
40.8029263,-73.9379,East Harlem North,74
40.7922553,-73.95249933,East Harlem South,75
40.802535,-73.9532423,Central Harlem,41
40.802692,-73.96295,Morningside Heights,166
40.7877214,-73.94728331,East Harlem South,75
40.8114323,-73.9518776,Central Harlem North,42
40.76780080148132,-73.96592080593109,Upper East Side South,237
40.7934337,-73.94945003,East Harlem South,75
40.7037992,-74.00838676,Financial District North,87
40.752957,-74.00264,West Chelsea/Hudson Yards,246
40.80756,-73.939182,Central Harlem North,42
40.75513557,-73.98658032,Garment District,100
40.795508,-73.941606,East Harlem North,74
40.7652654,-73.98192338,Midtown North,163
40.76228826,-73.98336183,Times Sq/Theatre District,230
40.75640548,-73.9900262,Garment District,100
40.76068327096592,-73.9845272898674,Times Sq/Theatre District,230
40.75466591,-73.99138152,Garment District,100
40.7667405590595,-73.9790689945221,Midtown North,163
40.763189,-73.978434,Midtown North,163
40.7568001,-73.98291153,Times Sq/Theatre District,230
40.76132983124814,-73.97982001304626,Times Sq/Theatre District,230
40.76344058,-73.98268129,Times Sq/Theatre District,230
40.75492,-73.98455,Garment District,100
40.75299641,-73.98721619,Garment District,100
40.74,-73.986,Gramercy,107
40.749,-73.992,Penn Station/Madison Sq West,186
40.755,-73.992,Clinton East,48
40.764,-73.971,Upper East Side South,237
40.746,-73.998,East Chelsea,68
40.743,-73.998,Flatiron,90
40.74,-73.998,Flatiron,90
40.76669671,-73.99061728,Clinton West,50
40.76584941,-73.98690506,Clinton East,48
40.791,-73.965,Central Park,43
40.7903,-73.9597,Central Park,43
40.803,-73.956,Central Harlem,41
40.791,-73.968,Upper West Side North,238
40.8,-73.962,Bloomingdale,24
40.761,-73.98,Times Sq/Theatre District,230
40.752,-73.989,Garment District,100
40.782,-73.986,Upper West Side South,239
40.732647,-73.99011,Greenwich Village North,113
40.788,-73.953,East Harlem South,75
40.809,-73.959,Morningside Heights,166
40.746,-74.007,West Chelsea/Hudson Yards,246
40.761,-73.989,Clinton East,48
40.714193,-73.996732,Lower East Side,148
40.719383,-73.991479,Lower East Side,148
40.764,-73.983,Times Sq/Theatre District,230
40.755,-73.974,Midtown East,162
40.743,-73.98,Kips Bay,137
40.749,-73.986,Midtown South,164
40.761,-73.995,Clinton West,50
40.743,-73.983,Murray Hill,170
40.70463334,-74.01361706,World Trade Center,261
40.737,-73.983,Gramercy,107
40.737,-73.992,Union Sq,234
40.734,-73.986,Gramercy,107
40.734,-73.992,Greenwich Village North,113
40.737,-73.989,Union Sq,234
40.737,-74.007,Meatpacking/West Village West,158
40.731,-73.992,Greenwich Village North,113
40.719,-74.001,Little Italy/NoLiTa,144
40.713,-74.01,TriBeCa/Civic Center,231
40.727243,-73.976831,Alphabet City,4
40.78275,-73.97137,Upper West Side South,239
40.708485,-74.002751,Seaport,209
40.72387,-73.975767,Alphabet City,4
40.72170005235607,-74.00238141417502,SoHo,211
40.731,-73.98,Stuy Town/Peter Cooper Village,224
40.71644423134479,-73.9823305606842,Two Bridges/Seward Park,232
40.761,-73.977,Midtown Center,161
40.783786,-73.981687,Upper West Side South,239
40.719,-74.007,TriBeCa/Civic Center,231
40.734,-73.995,Greenwich Village North,113
40.731,-73.995,Greenwich Village North,113
40.743,-73.977,Kips Bay,137
40.746,-74.001,East Chelsea,68
40.764,-73.998,Clinton West,50
40.761,-73.983,Times Sq/Theatre District,230
40.773,-73.983,Lincoln Square East,142
40.773,-73.95,Yorkville East,262
40.779,-73.947,Yorkville East,262
40.779,-73.953,Yorkville West,263
40.77,-73.953,Lenox Hill East,140
40.743,-73.974,Kips Bay,137
40.761,-73.992,Clinton East,48
40.779,-73.98,Lincoln Square East,142
40.74,-73.974,Kips Bay,137
40.749,-73.974,UN/Turtle Bay South,233
40.74,-73.983,Gramercy,107
40.77,-73.983,Lincoln Square East,142
40.779,-73.977,Upper West Side South,239
40.767,-73.953,Lenox Hill East,140
40.749,-73.977,Murray Hill,170
40.755,-73.98,Midtown Center,161
40.758,-73.995,Clinton East,48
40.767,-73.986,Clinton East,48
40.755,-73.986,Garment District,100
40.761,-73.986,Times Sq/Theatre District,230
40.776,-73.986,Lincoln Square West,143
40.773,-73.956,Lenox Hill West,141
40.794,-73.962,Central Park,43
40.794,-73.974,Upper West Side North,238
40.752694,-74.002353,West Chelsea/Hudson Yards,246
40.8,-73.95,Central Harlem,41
40.776,-73.944,Yorkville East,262
40.782,-73.95,Yorkville West,263
40.749,-74.004,West Chelsea/Hudson Yards,246
40.806,-73.962,Morningside Heights,166
40.767,-73.98,Midtown North,163
40.77,-73.965,Upper East Side South,237
40.725,-74.004,SoHo,211
40.719,-74.01,TriBeCa/Civic Center,231
40.716,-74.01,TriBeCa/Civic Center,231
40.713,-73.998,Chinatown,45
40.713,-73.98,Two Bridges/Seward Park,232
40.71,-74.01,World Trade Center,261
40.71,-74.001,Chinatown,45
40.716,-73.995,Lower East Side,148
40.704,-74.013,Financial District South,88
40.713,-73.992,Two Bridges/Seward Park,232
40.722,-73.986,Lower East Side,148
40.734,-73.989,East Village,79
40.728,-73.995,Greenwich Village South,114
40.737,-73.977,Kips Bay,137
40.752,-73.974,Midtown East,162
40.752,-73.977,Midtown East,162
40.752,-73.995,East Chelsea,68
40.761,-73.968,Midtown East,162
40.77,-73.989,Clinton West,50
40.758,-73.977,Midtown Center,161
40.719,-74.013,Battery Park City,13
40.752,-74.004,West Chelsea/Hudson Yards,246
40.767,-73.995,Clinton West,50
40.728,-73.998,Greenwich Village South,114
40.767,-73.992,Clinton West,50
40.701,-74.013,Financial District South,88
40.728,-74.01,Hudson Sq,125
40.722,-73.998,Little Italy/NoLiTa,144
40.70437,-74.00637,Financial District North,87
40.722,-73.98,Alphabet City,4
40.716,-73.989,Two Bridges/Seward Park,232
40.719,-73.995,Little Italy/NoLiTa,144
40.722,-73.977,Alphabet City,4
40.722,-73.983,Alphabet City,4
40.74,-74.004,West Village,249
40.779,-73.989,Lincoln Square West,143
40.806,-73.965,Morningside Heights,166
40.749,-73.998,East Chelsea,68
40.767,-73.965,Upper East Side South,237
40.767,-73.971,Upper East Side South,237
40.782,-73.953,Upper East Side North,236
40.779,-73.959,Upper East Side North,236
40.776,-73.965,Central Park,43
40.785,-73.971,Upper West Side South,239
40.764,-73.989,Clinton East,48
40.743,-74.001,East Chelsea,68
40.707,-74.016,Battery Park City,13
40.8428422,-73.9421253,Washington Heights South,244
40.743,-74.007,East Chelsea,68
40.815,-73.959,Morningside Heights,166
40.767,-73.977,Central Park,43
40.758,-73.962,Sutton Place/Turtle Bay North,229
40.782,-73.959,Upper East Side North,236
40.773,-73.962,Upper East Side South,237
40.752,-73.968,UN/Turtle Bay South,233
40.773,-73.968,Central Park,43
40.711444,-74.014847,Battery Park City,13
40.809,-73.947,Central Harlem,41
40.809,-73.95,Central Harlem,41
40.771771,-73.990625,Lincoln Square West,143
40.794,-73.965,Manhattan Valley,151
40.797,-73.947,East Harlem South,75
40.797,-73.971,Manhattan Valley,151
40.776,-73.983,Lincoln Square East,142
40.785,-73.983,Upper West Side South,239
40.752,-73.983,Midtown South,164
40.764,-73.986,Clinton East,48
40.791,-73.953,East Harlem South,75
40.734,-74.004,West Village,249
40.728,-73.98,East Village,79
40.805631,-73.934077,East Harlem North,74
40.802554,-73.933509,East Harlem North,74
40.728,-73.986,East Village,79
40.755,-73.989,Garment District,100
40.813619,-73.939336,Central Harlem North,42
40.743,-73.995,Flatiron,90
40.806414,-73.936085,East Harlem North,74
40.812191,-73.937838,East Harlem North,74
40.812346,-73.946168,Central Harlem North,42
40.810224,-73.937195,East Harlem North,74
40.816355,-73.954295,Manhattanville,152
40.81014,-73.93973,Central Harlem North,42
40.81449,-73.936153,East Harlem North,74
40.818215,-73.950988,Manhattanville,152
40.819746,-73.951819,Manhattanville,152
40.818477,-73.947568,Manhattanville,152
40.71,-73.998,Chinatown,45
40.825125,-73.941616,Hamilton Heights,116
40.819783,-73.936521,Central Harlem North,42
40.823168,-73.955857,Hamilton Heights,116
40.826969,-73.949738,Hamilton Heights,116
40.827305,-73.951989,Hamilton Heights,116
40.825244,-73.947257,Hamilton Heights,116
40.725,-73.983,East Village,79
40.734,-74.007,Meatpacking/West Village West,158
40.758,-73.998,West Chelsea/Hudson Yards,246
40.74,-73.98,Kips Bay,137
40.820877,-73.939249,Central Harlem North,42
40.819241,-73.941057,Central Harlem North,42
40.816234,-73.948222,Central Harlem North,42
40.815484,-73.935856,Central Harlem North,42
40.820003,-73.959089,Manhattanville,152
40.81296,-73.941878,Central Harlem North,42
40.813539,-73.94521,Central Harlem North,42
40.820681,-73.945144,Central Harlem North,42
40.821294,-73.947868,Manhattanville,152
40.7639089,-73.9477213,Roosevelt Island,202
40.757284,-73.9536,Roosevelt Island,202
40.746,-73.983,Midtown South,164
40.776,-73.98,Lincoln Square East,142
40.782,-73.98,Upper West Side South,239
40.791,-73.974,Upper West Side North,238
40.761,-73.998,Clinton West,50
40.737,-74.01,Meatpacking/West Village West,158
40.75370225419114,-73.95865201950072,Roosevelt Island,202
40.764,-73.959,Lenox Hill West,141
40.797,-73.938,East Harlem North,74
40.8,-73.941,East Harlem North,74
40.791,-73.947,East Harlem South,75
40.809,-73.938,Central Harlem North,42
40.822756,-73.951346,Hamilton Heights,116
40.827075,-73.945909,Hamilton Heights,116
40.812,-73.938,East Harlem North,74
40.823498,-73.94386,Hamilton Heights,116
40.779,-73.95,Yorkville West,263
40.782,-73.947,Yorkville West,263
40.776,-73.95,Yorkville East,262
40.794,-73.95,East Harlem South,75
40.794,-73.971,Upper West Side North,238
40.82281,-73.937413,Central Harlem North,42
40.817555,-73.957163,Manhattanville,152
40.686931,-74.016966,Governor's Island/Ellis Island/Liberty Island,103
40.69231660719192,-74.01486575603485,Governor's Island/Ellis Island/Liberty Island,103
40.75461,-73.99177,East Chelsea,68
40.77237,-73.99005,Lincoln Square West,143
40.68512559515415,-74.02535319328308,Governor's Island/Ellis Island/Liberty Island,103
40.81695971032464,-73.9422959089279,Central Harlem North,42
40.8190344,-73.956155999999993,Manhattanville,152
40.75863,-73.97513,Midtown Center,161
40.826406,-73.937948,Central Harlem North,42
40.825289,-73.936232,Central Harlem North,42
40.821111,-73.935971,Central Harlem North,42
40.821728,-73.952761,Hamilton Heights,116
40.824013,-73.954743,Hamilton Heights,116
40.829114,-73.950426,Hamilton Heights,116
40.831327,-73.946665,Hamilton Heights,116
40.826881,-73.941427,Hamilton Heights,116
40.827212,-73.942722,Hamilton Heights,116
40.829523,-73.944279,Hamilton Heights,116
40.830476,-73.939929,Central Harlem North,42
40.830702,-73.936371,Central Harlem North,42
40.82831,-73.942924,Hamilton Heights,116
40.75969995906254,-73.97808194160461,Midtown Center,161
40.832314,-73.94102,Washington Heights South,244
40.75793646243674,-73.97960275411606,Midtown Center,161
40.82923,-73.936996,Central Harlem North,42
40.839278,-73.945446,Washington Heights South,244
40.834468,-73.939865,Washington Heights South,244
40.83618,-73.939789,Washington Heights South,244
40.84004,-73.942939,Washington Heights South,244
40.839137,-73.941409,Washington Heights South,244
40.84522,-73.940493,Washington Heights South,244
40.782535857724106,-73.97908508777618,Upper West Side South,239
40.842173,-73.935111,Highbridge Park,120
40.842941,-73.938631,Washington Heights South,244
40.835775,-73.9434,Washington Heights South,244
40.832081,-73.942386,Washington Heights South,244
40.78476,-73.969862,Upper West Side South,239
40.833303,-73.939326,Washington Heights South,244
40.838191,-73.936085,Highbridge Park,120
40.839443,-73.937044,Washington Heights South,244
40.835798,-73.937496,Washington Heights South,244
40.844044,-73.933651,Highbridge Park,120
40.848282,-73.941343,Washington Heights South,244
40.846052,-73.937648,Washington Heights South,244
40.848467,-73.936064,Washington Heights South,244
40.847305,-73.933291,Washington Heights South,244
40.847396,-73.931205,Highbridge Park,120
40.742684734875695,-73.98671329021454,Union Sq,234
40.830663,-73.941323,Hamilton Heights,116
40.818212,-73.955277,Manhattanville,152
40.852252,-73.937854,Washington Heights North,243
40.788664991278836,-73.96680057048798,Central Park,43
40.79249519495111,-73.96417066463071,Manhattan Valley,151
40.796036841599836,-73.96158903853575,Manhattan Valley,151
40.849972,-73.938423,Washington Heights South,244
40.84925,-73.93022,Washington Heights North,243
40.72506551015475,-73.97515833377838,Alphabet City,4
40.74714,-73.97113,UN/Turtle Bay South,233
40.749498546025194,-73.97729203113158,Murray Hill,170
40.70858894240581,-74.00935482235809,Financial District North,87
40.75118387463277,-73.97138714790344,UN/Turtle Bay South,233
40.721319,-74.010065,TriBeCa/Civic Center,231
40.83299,-73.94592,Washington Heights South,244
40.85168,-73.94186,Washington Heights South,244
40.745686,-74.005141,East Chelsea,68
40.75462324029105,-73.99516761302948,East Chelsea,68
40.78294,-73.93077,Randalls Island,194
40.79346,-73.92389,Randalls Island,194
40.79558,-73.91906,Randalls Island,194
40.80046,-73.92404,Randalls Island,194
40.71473993,-74.00910627,TriBeCa/Civic Center,231
40.740983,-74.001702,East Chelsea,68
40.823061,-73.941928,Central Harlem North,42
40.7606597,-73.98042047,Times Sq/Theatre District,230
40.832164,-73.949702,Hamilton Heights,116
40.76695317,-73.98169333,Midtown North,163
40.75763227739443,-73.96930575370789,Sutton Place/Turtle Bay North,229
40.756951,-73.982631,Times Sq/Theatre District,230
40.75414519263519,-73.9960889518261,East Chelsea,68
40.764734200065185,-73.99194359779358,Clinton West,50
40.768333,-73.992573,Clinton West,50
40.762009,-73.996975,Clinton West,50
40.757334,-73.974235,Midtown Center,161
40.70336686695866,-74.007867872715,Financial District North,87
40.74005708567285,-74.0052741765976,West Village,249
40.74025878,-73.98409214,Gramercy,107
40.72583996792375,-74.0076532959938,Hudson Sq,125
40.72840059450829,-73.99968780577183,Greenwich Village South,114
40.73342399437081,-74.00851495563984,Meatpacking/West Village West,158
40.756265,-73.964179,Sutton Place/Turtle Bay North,229
40.840124,-73.93949,Washington Heights South,244
40.73191132323174,-74.008769094944,Meatpacking/West Village West,158
40.752643,-73.974996,Midtown East,162
40.752149,-73.989539,Garment District,100
40.74275179648995,-73.9847157150507,Union Sq,234
40.7500727,-73.99839279,East Chelsea,68
40.778626,-73.95772,Upper East Side North,236
40.742685,-73.986713,Union Sq,234
40.750072,-73.998392,East Chelsea,68
40.757632,-73.969305,Sutton Place/Turtle Bay North,229
40.741776,-74.001497,East Chelsea,68
40.750073,-73.998393,East Chelsea,68
40.714275,-73.9899,Two Bridges/Seward Park,232
40.759345,-73.967597,Sutton Place/Turtle Bay North,229
40.714274,-73.9899,Two Bridges/Seward Park,232
40.759345,-73.967596,Sutton Place/Turtle Bay North,229
40.714504,-74.005627,TriBeCa/Civic Center,231
40.781411,-73.955959000000007,Upper East Side North,236
40.775655,-73.950686,Yorkville West,263
40.78141,-73.955959000000007,Upper East Side North,236
40.747659,-73.984907,Midtown South,164
40.722174,-73.983687,East Village,79
40.771404,-73.953517,Lenox Hill West,141
40.757632,-73.969306,Sutton Place/Turtle Bay North,229
40.771404,-73.953516,Lenox Hill West,141
40.735367,-73.987973,Gramercy,107
40.715337,-74.016583,Battery Park City,13
40.716021,-73.999743,Chinatown,45
40.778627,-73.957721,Upper East Side North,236
40.766638,-73.953483,Lenox Hill East,140
40.766638,-73.953482,Lenox Hill East,140
40.764718,-73.96222,Lenox Hill West,141
40.772461,-73.946821,Yorkville East,262
40.717227,-73.98802,Lower East Side,148
40.788665,-73.966801,Central Park,43
40.714066,-73.992939,Chinatown,45
40.765909,-73.976342,Central Park,43
40.765909,-73.976341,Central Park,43
40.714978,-74.013012,TriBeCa/Civic Center,231
40.792255,-73.952499,East Harlem South,75
40.793134,-73.977003,Upper West Side North,238
40.771496,-73.99046,Lincoln Square West,143
40.760659,-73.98042,Times Sq/Theatre District,230
40.762288,-73.983361,Times Sq/Theatre District,230
40.75971,-73.974023,Midtown Center,161
40.741739,-73.994155,Flatiron,90
40.788221,-73.970415,Upper West Side North,238
40.812056,-73.961255,Morningside Heights,166
40.799041,-73.966494,Manhattan Valley,151
40.761227,-73.96094,Lenox Hill West,141
40.727434,-73.99379,Greenwich Village South,114
40.814325,-73.959025,Morningside Heights,166
40.794165,-73.974124,Upper West Side North,238
40.765849,-73.986905,Clinton East,48
40.723627,-73.999496,SoHo,211
40.718939,-73.992662,Lower East Side,148
40.812056,-73.961254,Morningside Heights,166
40.755941,-74.002116,West Chelsea/Hudson Yards,246
40.819034,-73.956155999999993,Manhattanville,152
40.75757,-73.990985,Clinton East,48
40.756405,-73.990026,Garment District,100
40.780183,-73.977285,Upper West Side South,239
40.800836,-73.966449,Bloomingdale,24
40.760192,-73.991255,Clinton East,48
40.740057,-74.005274,West Village,249
40.708346,-74.017134,Battery Park City,13
40.796934,-73.964341,Manhattan Valley,151
40.708347,-74.017134,Battery Park City,13
40.730206,-73.991026,Greenwich Village North,113
40.743226,-73.974497,Kips Bay,137
40.798185,-73.96059,Manhattan Valley,151
40.732263,-73.998522,Greenwich Village North,113
40.707065,-74.007319,Financial District North,87
40.788221,-73.970416,Upper West Side North,238
40.754601,-73.971879,Midtown East,162
40.722992,-73.979954,Alphabet City,4
40.756603,-73.9979,West Chelsea/Hudson Yards,246
40.772838,-73.949892,Yorkville East,262
40.750977,-73.987654,Garment District,100
40.714739,-74.009106,TriBeCa/Civic Center,231
40.782536,-73.979085,Upper West Side South,239
40.754692,-73.997402,East Chelsea,68
40.763025,-73.972095,Midtown North,163
40.842842,-73.942125,Washington Heights South,244
40.779668,-73.98093,Lincoln Square West,143
40.731911,-74.008769,Meatpacking/West Village West,158
40.707178999999996,-74.008873,Financial District North,87
40.802556,-73.949078,Central Harlem,41
40.732241,-74.000264,Greenwich Village South,114
40.763414,-73.996674,Clinton West,50
40.763413,-73.996674,Clinton West,50
40.786794,-73.977112,Upper West Side South,239
40.757936,-73.979602,Midtown Center,161
40.719105,-73.999733,Little Italy/NoLiTa,144
40.790179,-73.972889,Upper West Side North,238
40.77516,-73.989187,Lincoln Square West,143
40.775159,-73.989186,Lincoln Square West,143
40.76066,-73.98042,Times Sq/Theatre District,230
40.750663,-74.001768,East Chelsea,68
40.725213,-73.977688,Alphabet City,4
40.772828,-73.966852,Central Park,43
40.757569,-73.990985,Clinton East,48
40.784145,-73.983625,Upper West Side South,239
40.784144,-73.983624,Upper West Side South,239
40.727102,-74.00297,Hudson Sq,125
40.721853,-74.007717,TriBeCa/Civic Center,231
40.743533,-74.003675,East Chelsea,68
40.763125,-73.965268,Lenox Hill West,141
40.747968,-73.996637,East Chelsea,68
40.793135,-73.977004,Upper West Side North,238
40.760957,-73.967244,Midtown East,162
40.760958,-73.967245,Midtown East,162
40.754557,-73.96593,Sutton Place/Turtle Bay North,229
40.737815,-73.999946,West Village,249
40.766953,-73.981693,Midtown North,163
40.784999,-73.972834,Upper West Side South,239
40.785,-73.972834,Upper West Side South,239
40.709559,-74.006536,Financial District North,87
40.729387,-73.977724,Stuy Town/Peter Cooper Village,224
40.763126,-73.965269,Lenox Hill West,141
40.754557,-73.965929,Sutton Place/Turtle Bay North,229
40.705309,-74.006125,Financial District North,87
40.70531,-74.006126,Financial District North,87
40.801307,-73.939817,East Harlem North,74
40.781721,-73.94594,Yorkville West,263
40.801486,-73.94425,East Harlem North,74
40.72769,-73.990993,East Village,79
40.729514,-73.990752,East Village,79
40.708588,-74.009354,Financial District North,87
40.797372,-73.970411,Manhattan Valley,151
40.740343,-73.989551,Union Sq,234
40.7174,-73.980166,Two Bridges/Seward Park,232
40.717399,-73.980165,Two Bridges/Seward Park,232
40.71269,-73.987763,Two Bridges/Seward Park,232
40.739355,-73.999317,Flatiron,90
40.775794,-73.976206,Central Park,43
40.777945,-73.946041,Yorkville East,262
40.732233,-73.9889,East Village,79
40.732232,-73.988899,East Village,79
40.785785,-73.957481,Central Park,43
40.729386,-73.977724,Stuy Town/Peter Cooper Village,224
40.730207,-73.991026,Greenwich Village North,113
40.796036,-73.961589,Manhattan Valley,151
40.792495,-73.96417,Manhattan Valley,151
40.762288,-73.983362,Times Sq/Theatre District,230
40.775186,-73.94446,Yorkville East,262
40.802117,-73.968181,Bloomingdale,24
40.775186,-73.944461,Yorkville East,262
40.75323,-73.970325,UN/Turtle Bay South,233
40.760094,-73.994618,Clinton East,48
40.732219,-73.981656,Stuy Town/Peter Cooper Village,224
40.732218,-73.981655,Stuy Town/Peter Cooper Village,224
40.757245,-73.978059,Midtown Center,161
40.790482,-73.95033,East Harlem South,75
40.729667,-73.98068,East Village,79
40.729667,-73.980679,East Village,79
40.794566,-73.936254,East Harlem North,74
40.764397,-73.973715,Midtown North,163
40.733812,-73.980544,Stuy Town/Peter Cooper Village,224
40.734546,-73.990741,Greenwich Village North,113
40.765005,-73.958185,Lenox Hill West,141
40.734545,-73.990741,Greenwich Village North,113
40.738274,-73.987519,Gramercy,107
40.751726,-73.987535,Garment District,100
40.737815,-73.999947,West Village,249
40.772796,-73.955778,Lenox Hill West,141
40.771497,-73.99046,Lincoln Square West,143
40.801487,-73.944251,East Harlem North,74
40.783501,-73.955327,Upper East Side North,236
40.789485,-73.952429,East Harlem South,75
40.716059,-73.991908,Lower East Side,148
40.783502,-73.955327,Upper East Side North,236
40.816959,-73.942295,Central Harlem North,42
40.772828,-73.966853,Central Park,43
40.759699,-73.978081,Midtown Center,161
40.716058,-73.991907,Lower East Side,148
40.81696,-73.942296,Central Harlem North,42
40.798186,-73.960591,Manhattan Valley,151
40.75828,-73.970694,Midtown East,162
40.739126,-73.979738,Kips Bay,137
40.715815,-73.994223,Lower East Side,148
40.758281,-73.970694,Midtown East,162
40.801306,-73.939816,East Harlem North,74
40.774925,-73.982665,Lincoln Square East,142
40.774925,-73.982666,Lincoln Square East,142
40.774667,-73.984705,Lincoln Square West,143
40.731437,-73.994903,Greenwich Village North,113
40.70255,-74.012723,Financial District South,88
40.742751,-73.984715,Union Sq,234
40.788664,-73.9668,Central Park,43
40.808624,-73.959621,Morningside Heights,166
40.717227,-73.988021,Lower East Side,148
40.799041,-73.966495,Manhattan Valley,151
40.808625,-73.959621,Morningside Heights,166
40.77246,-73.94682,Yorkville East,262
40.718502,-73.983298,Two Bridges/Seward Park,232
40.792495,-73.964171,Manhattan Valley,151
40.742909,-73.97706,Kips Bay,137
40.74174,-73.994156,Flatiron,90
40.731724,-74.006744,Meatpacking/West Village West,158
40.763604,-73.989179,Clinton East,48
40.747574,-73.978801,Murray Hill,170
40.747573,-73.9788,Murray Hill,170
40.722174,-73.983688,East Village,79
40.793296,-73.943208,East Harlem South,75
40.769157,-73.967034,Upper East Side South,237
40.736245,-73.984737,Gramercy,107
40.736245,-73.984738,Gramercy,107
40.745167,-73.98683,Midtown South,164
40.742684,-73.986713,Union Sq,234
40.758923,-73.962262,Sutton Place/Turtle Bay North,229
40.720195,-73.989978,Lower East Side,148
40.724055,-74.009659,TriBeCa/Civic Center,231
40.745712,-73.981948,Murray Hill,170
40.771129,-73.957722,Lenox Hill West,141
40.741443,-73.97536,Kips Bay,137
40.741444,-73.975361,Kips Bay,137
40.734011,-74.002938,West Village,249
40.752062,-73.981632,Murray Hill,170
40.725839,-74.007653,Hudson Sq,125
40.727714,-74.011296,Hudson Sq,125
40.727714,-74.011295,Hudson Sq,125
40.727791,-73.985649,East Village,79
40.725213,-73.977687,Alphabet City,4
40.729039,-73.994046,Greenwich Village North,113
40.775793,-73.976205,Central Park,43
40.752996,-73.987216,Garment District,100
40.733424,-74.008515,Meatpacking/West Village West,158
40.733423,-74.008514,Meatpacking/West Village West,158
40.766696,-73.990617,Clinton West,50
40.739126,-73.979737,Kips Bay,137
40.716021,-73.999744,Chinatown,45
40.741723,-73.978092,Kips Bay,137
40.72228,-73.976687,Alphabet City,4
40.728418,-73.987139,East Village,79
40.728419,-73.98714,East Village,79
40.726217,-73.983798,East Village,79
40.738046,-73.99643,Flatiron,90
40.738046,-73.996429,Flatiron,90
40.727103,-74.002971,Hudson Sq,125
40.727464,-73.979504,East Village,79
40.764397,-73.973714,Midtown North,163
40.744219,-73.971212,UN/Turtle Bay South,233
40.780628,-73.952166,Yorkville West,263
40.738274,-73.98752,Gramercy,107
40.720664,-73.985179,Lower East Side,148
40.720664,-73.98518,Lower East Side,148
40.795412,-73.944123,East Harlem South,75
40.743115,-73.982153,Murray Hill,170
40.776777,-73.95901,Upper East Side North,236
40.744449,-73.983035,Murray Hill,170
40.768762,-73.958407,Lenox Hill West,141
40.774779,-73.954274,Yorkville West,263
40.707064,-74.007318,Financial District North,87
40.713079,-73.998512,Chinatown,45
40.714979,-74.013012,TriBeCa/Civic Center,231
40.712199,-73.979481,Two Bridges/Seward Park,232
40.730473,-73.986723,East Village,79
40.769157,-73.967035,Upper East Side South,237
40.702551,-74.012723,Financial District South,88
40.708621,-74.007221,Financial District North,87
40.708621,-74.007222,Financial District North,87
40.732264,-73.998522,Greenwich Village North,113
40.742868,-73.989186,Union Sq,234
40.769155,-73.981918,Lincoln Square East,142
40.744876,-73.995299,Flatiron,90
40.757973,-73.966033,Sutton Place/Turtle Bay North,229
40.720196,-73.989978,Lower East Side,148
40.724055,-74.00966,TriBeCa/Civic Center,231
40.742752,-73.984716,Union Sq,234
40.760193,-73.991255,Clinton East,48
40.729515,-73.990753,East Village,79
40.714067,-73.992939,Chinatown,45
40.76133,-73.97982,Times Sq/Theatre District,230
40.718939,-73.992663,Lower East Side,148
40.79377,-73.971888,Upper West Side North,238
40.750585,-73.994684,East Chelsea,68
40.743227,-73.974498,Kips Bay,137
40.70956,-74.006536,Financial District North,87
40.772797,-73.955778,Lenox Hill West,141
40.743943,-73.97966,Murray Hill,170
40.733142,-73.975738,Stuy Town/Peter Cooper Village,224
40.72456,-73.995652,Little Italy/NoLiTa,144
40.767128,-73.962246,Lenox Hill West,141
40.708589,-74.009355,Financial District North,87
40.763605,-73.98918,Clinton East,48
40.703651,-74.011677,Financial District South,88
40.761329,-73.97982,Times Sq/Theatre District,230
40.703652,-74.011678,Financial District South,88
40.773142,-73.958561,Upper East Side North,236
40.732915,-74.007113,Meatpacking/West Village West,158
40.732916,-74.007114,Meatpacking/West Village West,158
40.759291,-73.988596,Clinton East,48
40.743534,-74.003676,East Chelsea,68
40.75038,-73.983389,Midtown South,164
40.720195,-74.0103,TriBeCa/Civic Center,231
40.719116,-74.006667,TriBeCa/Civic Center,231
40.719115,-74.006666,TriBeCa/Civic Center,231
40.735876,-73.98205,Gramercy,107
40.749499,-73.977292,Murray Hill,170
40.718709,-74.009,TriBeCa/Civic Center,231
40.749498,-73.977292,Murray Hill,170
40.723077,-73.985836,East Village,79
40.71871,-74.009001,TriBeCa/Civic Center,231
40.71625,-74.009106,TriBeCa/Civic Center,231
40.773406,-73.977825,Central Park,43
40.773407,-73.977825,Central Park,43
40.731539,-73.985302,East Village,79
40.780184,-73.977285,Upper West Side South,239
40.724308,-74.00473,Hudson Sq,125
40.721854,-74.007718,TriBeCa/Civic Center,231
40.743453,-74.00004,East Chelsea,68
40.735324,-73.998004,Greenwich Village North,113
40.763026,-73.972095,Midtown North,163
40.791956,-73.968087,Upper West Side North,238
40.737262,-73.99239,Union Sq,234
40.712732,-74.004607,TriBeCa/Civic Center,231
40.737261,-73.992389,Union Sq,234
40.722992,-73.979955,Alphabet City,4
40.796153,-73.947821,East Harlem South,75
40.705693,-74.016777,Battery Park City,13
40.7603,-73.998842,West Chelsea/Hudson Yards,246
40.755135,-73.98658,Garment District,100
40.734011,-74.002939,West Village,249
40.754145,-73.996088,East Chelsea,68
40.710762,-73.994003,Chinatown,45
40.72584,-74.007653,Hudson Sq,125
40.764719,-73.962221,Lenox Hill West,141
40.703553,-74.006702,Financial District North,87
40.703554,-74.006702,Financial District North,87
40.735353,-74.00483,West Village,249
40.735354,-74.004831,West Village,249
40.750019,-73.969053,UN/Turtle Bay South,233
40.763707,-73.985161,Clinton East,48
40.763707,-73.985162,Clinton East,48
40.720828,-73.977932,Alphabet City,4
40.717798,-73.993161,Lower East Side,148
40.738176,-73.977386,Kips Bay,137
40.762272,-73.987882,Clinton East,48
40.738177,-73.977387,Kips Bay,137
40.77573,-73.956753,Upper East Side North,236
40.77573,-73.956752,Upper East Side North,236
40.753231,-73.970325,UN/Turtle Bay South,233
40.766697,-73.990617,Clinton West,50
40.7462,-73.988557,Midtown South,164
40.746201,-73.988557,Midtown South,164
40.715816,-73.994224,Lower East Side,148
40.752069,-73.967844,UN/Turtle Bay South,233
40.752068,-73.967843,UN/Turtle Bay South,233
40.715338,-74.016584,Battery Park City,13
40.725065,-73.975158,Alphabet City,4
40.754601,-73.971878,Midtown East,162
40.78921,-73.943707,East Harlem South,75
40.725066,-73.975158,Alphabet City,4
40.786994,-73.941648,East Harlem South,75
40.797372,-73.970412,Manhattan Valley,151
40.739713,-73.994564,Union Sq,234
40.727407,-73.98142,East Village,79
40.782535,-73.979085,Upper West Side South,239
40.735367,-73.987974,Gramercy,107
40.803865,-73.95593,Central Harlem,41
40.754623,-73.995167,East Chelsea,68
40.757936,-73.979603,Midtown Center,161
40.713341,-74.009355,TriBeCa/Civic Center,231
40.775369,-73.948033,Yorkville East,262
40.745497,-74.001971,East Chelsea,68
40.792327,-73.9383,East Harlem North,74
40.713107,-73.994463,Chinatown,45
40.732241,-74.000263,Greenwich Village South,114
40.74147,-73.978221,Kips Bay,137
40.739355,-73.999318,Flatiron,90
40.765005,-73.958184,Lenox Hill West,141
40.774779,-73.954275,Yorkville West,263
40.727897,-74.005362,Hudson Sq,125
40.806758,-73.960708,Morningside Heights,166
40.802117,-73.96818,Bloomingdale,24
40.810285,-73.957364,Morningside Heights,166
40.798944,-73.944846,East Harlem North,74
40.742388,-73.997262,Flatiron,90
40.769942,-73.960607,Upper East Side South,237
40.776321,-73.964273,Central Park,43
40.742387,-73.997262,Flatiron,90
40.790483,-73.950331,East Harlem South,75
40.807831,-73.949373,Central Harlem,41
40.727408,-73.98142,East Village,79
40.794987,-73.933334,East Harlem North,74
40.778301,-73.948813,Yorkville West,263
40.771182,-73.964094,Upper East Side South,237
40.713079,-73.998511,Chinatown,45
40.810792,-73.943068,Central Harlem North,42
40.724537,-73.981854,East Village,79
40.715595,-73.987029,Two Bridges/Seward Park,232
40.742753,-74.007473,East Chelsea,68
40.7597,-73.978082,Midtown Center,161
40.722281,-73.976687,Alphabet City,4
40.793433,-73.94945,East Harlem South,75
40.791955,-73.968087,Upper West Side North,238
40.750199,-73.99093,Penn Station/Madison Sq West,186
40.739016,-74.002636999999993,West Village,249
40.755002,-73.980144,Midtown Center,161
40.796154,-73.947821,East Harlem South,75
40.756604,-73.997901,West Chelsea/Hudson Yards,246
40.776777,-73.959009,Upper East Side North,236
40.783963,-73.947167,Yorkville West,263
40.768009,-73.968453,Upper East Side South,237
40.714948,-74.002344,TriBeCa/Civic Center,231
40.77748,-73.982885,Lincoln Square West,143
40.742909,-73.977061,Kips Bay,137
40.762698,-73.993012,Clinton East,48
40.741724,-73.978093,Kips Bay,137
40.780577,-73.985624,Upper West Side South,239
40.745168,-73.986831,Midtown South,164
40.746919,-74.004518,East Chelsea,68
40.754623,-73.995168,East Chelsea,68
40.754691,-73.997401,East Chelsea,68
40.786795,-73.977112,Upper West Side South,239
40.760683,-73.984527,Times Sq/Theatre District,230
40.744876,-73.995298,Flatiron,90
40.742869,-73.989186,Union Sq,234
40.743349,-74.006817,East Chelsea,68
40.743116,-73.982154,Murray Hill,170
40.759711,-73.974023,Midtown Center,161
40.752165,-73.979921,Murray Hill,170
40.750224,-73.971214,UN/Turtle Bay South,233
40.726218,-73.983799,East Village,79
40.755003,-73.980144,Midtown Center,161
40.778566,-73.977549,Lincoln Square East,142
40.720828,-73.977931,Alphabet City,4
40.754145,-73.996089,East Chelsea,68
40.76674,-73.979068,Midtown North,163
40.720873,-73.980857,Alphabet City,4
40.757246,-73.978059,Midtown Center,161
40.778012,-73.954071,Yorkville West,263
40.724561,-73.995653,Little Italy/NoLiTa,144
40.758984,-73.993799,Clinton East,48
40.733143,-73.975739,Stuy Town/Peter Cooper Village,224
40.796037,-73.961589,Manhattan Valley,151
40.777507,-73.988885,Lincoln Square West,143
40.760301,-73.998842,West Chelsea/Hudson Yards,246
40.811432,-73.951877,Central Harlem North,42
40.736528,-74.00618,Meatpacking/West Village West,158
40.736529,-74.00618,Meatpacking/West Village West,158
40.785246,-73.976673,Upper West Side South,239
40.785247,-73.976673,Upper West Side South,239
40.743943,-73.979661,Murray Hill,170
40.75002,-73.969053,UN/Turtle Bay South,233
40.725028,-73.990696,East Village,79
40.725029,-73.990697,East Village,79
40.77748,-73.982886,Lincoln Square West,143
40.7502,-73.990931,Penn Station/Madison Sq West,186
40.739017,-74.002638,West Village,249
40.75412,-73.980251,Midtown Center,161
40.782454,-73.948919,Yorkville West,263
40.773142,-73.958562,Upper East Side North,236
40.752165,-73.979922,Murray Hill,170
40.715595,-73.98703,Two Bridges/Seward Park,232
40.782454,-73.94892,Yorkville West,263
40.714948,-74.002345,TriBeCa/Civic Center,231
40.714505,-74.005628,TriBeCa/Civic Center,231
40.768008,-73.968452,Upper East Side South,237
40.763505,-73.971092,Upper East Side South,237
40.778567,-73.97755,Lincoln Square East,142
40.794988,-73.933335,East Harlem North,74
40.722293,-73.991475,Lower East Side,148
40.759291,-73.988597,Clinton East,48
40.711174,-74.000165,Chinatown,45
40.711731,-73.99193,Two Bridges/Seward Park,232
40.769943,-73.960607,Upper East Side South,237
40.722437,-74.005664,Hudson Sq,125
40.763908,-73.947721,Roosevelt Island,202
40.755942,-74.002116,West Chelsea/Hudson Yards,246
40.796935,-73.964341,Manhattan Valley,151
40.750664,-74.001768,East Chelsea,68
40.7211,-73.991925,Lower East Side,148
40.76344,-73.982681,Times Sq/Theatre District,230
40.72917,-73.998102,Greenwich Village South,114
40.7678,-73.96592,Upper East Side South,237
40.703366,-74.007867,Financial District North,87
40.703367,-74.007868,Financial District North,87
40.81,-73.95515,Morningside Heights,166
40.720874,-73.980858,Alphabet City,4
40.735877,-73.98205,Gramercy,107
40.750223,-73.971214,UN/Turtle Bay South,233
40.804555,-73.939686,East Harlem North,74
40.717488,-74.010455,TriBeCa/Civic Center,231
40.780628,-73.952167,Yorkville West,263
40.713342,-74.009355,TriBeCa/Civic Center,231
40.717487,-74.010455,TriBeCa/Civic Center,231
40.720195,-74.010301,TriBeCa/Civic Center,231
40.752554,-73.972826,UN/Turtle Bay South,233
40.814326,-73.959026,Morningside Heights,166
40.758924,-73.962262,Sutton Place/Turtle Bay North,229
40.786995,-73.941648,East Harlem South,75
40.771129,-73.957723,Lenox Hill West,141
40.760875,-74.002777,West Chelsea/Hudson Yards,246
40.736196,-74.008592,Meatpacking/West Village West,158
40.705692,-74.016776,Battery Park City,13
40.760875,-74.002776,West Chelsea/Hudson Yards,246
40.765265,-73.981923,Midtown North,163
40.730473,-73.986724,East Village,79
40.775369,-73.948034,Yorkville East,262
40.768762,-73.958408,Lenox Hill West,141
40.771638,-73.982614,Lincoln Square East,142
40.718502,-73.983299,Two Bridges/Seward Park,232
40.801193,-73.950073,Central Harlem,41
40.776321,-73.964274,Central Park,43
40.780578,-73.985624,Upper West Side South,239
40.722438,-74.005664,Hudson Sq,125
40.802535,-73.953242,Central Harlem,41
40.762699,-73.993012,Clinton East,48
40.711174,-73.996826,Chinatown,45
40.798785,-73.9523,Central Harlem,41
40.798786,-73.9523,Central Harlem,41
40.743349,-74.006818,East Chelsea,68
40.721101,-73.991925,Lower East Side,148
40.723355,-73.988649,East Village,79
40.763441,-73.982681,Times Sq/Theatre District,230
40.799756,-73.962112,Bloomingdale,24
40.778967,-73.973747,Central Park,43
40.740259,-73.984092,Gramercy,107
40.81,-73.955151,Morningside Heights,166
40.740258,-73.984092,Gramercy,107
40.710762,-73.994004,Chinatown,45
40.71625,-74.009105,TriBeCa/Civic Center,231
40.754121,-73.980252,Midtown Center,161
40.753702,-73.958652,Roosevelt Island,202
40.767272,-73.993928,Clinton West,50
40.790305,-73.947557,East Harlem South,75
40.771639,-73.982614,Lincoln Square East,142
40.767272,-73.993929,Clinton West,50
40.809495,-73.947764,Central Harlem,41
40.807832,-73.949373,Central Harlem,41
40.811432,-73.951878,Central Harlem North,42
40.712733,-74.004607,TriBeCa/Civic Center,231
40.736197,-74.008592,Meatpacking/West Village West,158
40.804556,-73.939686,East Harlem North,74
40.750585,-73.994685,East Chelsea,68
40.742754,-74.007474,East Chelsea,68
40.800672,-73.9349,East Harlem North,74
40.766741,-73.979069,Midtown North,163
40.758985,-73.9938,Clinton East,48
40.74692,-74.004519,East Chelsea,68
40.71474,-74.009106,TriBeCa/Civic Center,231
40.774667,-73.984706,Lincoln Square West,143
40.802557,-73.949078,Central Harlem,41
40.797477,-73.931184,East Harlem North,74
40.797477,-73.931185,East Harlem North,74
40.793434,-73.94945,East Harlem South,75
40.799139,-73.938915,East Harlem North,74
40.711463,-74.005524,Seaport,209
40.793297,-73.943208,East Harlem South,75
40.771183,-73.964094,Upper East Side South,237
40.71926,-73.98178,Two Bridges/Seward Park,232
40.783964,-73.947167,Yorkville West,263
40.75038,-73.98339,Midtown South,164
40.710323,-74.004322,Seaport,209
40.778968,-73.973747,Central Park,43
40.803865,-73.955931,Central Harlem,41
40.755136,-73.98658,Garment District,100
40.777507,-73.988886,Lincoln Square West,143
40.812551,-73.949228,Central Harlem North,42
40.810285,-73.957365,Morningside Heights,166
40.767801,-73.965921,Upper East Side South,237
40.802926,-73.9379,East Harlem North,74
40.809495,-73.947765,Central Harlem,41
40.729538,-73.984267,East Village,79
40.773763,-73.962221,Upper East Side South,237
40.704633,-74.013617,World Trade Center,261
40.773763,-73.96222,Upper East Side South,237
40.757147,-73.972078,Midtown East,162
40.757148,-73.972078,Midtown East,162
40.714851,-74.011223,TriBeCa/Civic Center,231
40.714852,-74.011223,TriBeCa/Civic Center,231
40.751183,-73.971386999999993,UN/Turtle Bay South,233
40.768974,-73.954823,Lenox Hill East,140
40.719392,-74.002472,TriBeCa/Civic Center,231
40.768973,-73.954822,Lenox Hill East,140
40.784903,-73.950503,Upper East Side North,236
40.712912,-74.010202,TriBeCa/Civic Center,231
40.751184,-73.971386999999993,UN/Turtle Bay South,233
40.778131,-73.960693,Upper East Side North,236
40.778131,-73.960694,Upper East Side North,236
40.7217,-74.002381,SoHo,211
40.717821,-73.976289,Two Bridges/Seward Park,232
40.719261,-73.98178,Two Bridges/Seward Park,232
40.801194,-73.950074,Central Harlem,41
40.711464,-74.005524,Seaport,209
40.763909,-73.947721,Roosevelt Island,202
40.787721,-73.947283,East Harlem South,75
40.723356,-73.98865,East Village,79
40.814394,-73.953247,Manhattanville,152
40.727897,-74.005363,Hudson Sq,125
40.789211,-73.943708,East Harlem South,75
40.799757,-73.962113,Bloomingdale,24
40.713107,-73.994464,Chinatown,45
40.715118,-73.98417,Two Bridges/Seward Park,232
40.798945,-73.944846,East Harlem North,74
40.790305,-73.947558,East Harlem South,75
40.710323,-74.004323,Seaport,209
40.715119,-73.984171,Two Bridges/Seward Park,232
40.728487,-74.011693,Meatpacking/West Village West,158
40.812551,-73.949229,Central Harlem North,42
40.727063,-73.996621,Greenwich Village South,114
40.730385,-74.002149,West Village,249
40.747348,-73.997235,East Chelsea,68
40.730477,-73.99906,Greenwich Village South,114
40.727064,-73.996621,Greenwich Village South,114
40.804213,-73.966991,Bloomingdale,24
40.730386,-74.00215,West Village,249
40.744751,-73.999153,East Chelsea,68
40.744751,-73.999154,East Chelsea,68
40.747348,-73.997236,East Chelsea,68
40.730477,-73.999061,Greenwich Village South,114
40.78592,-73.948603,East Harlem South,75
40.789252,-73.939562,East Harlem South,75
40.78592,-73.948602,East Harlem South,75
40.789253,-73.939562,East Harlem South,75
40.704717,-74.00926,Financial District North,87
40.72866,-74.01198,Meatpacking/West Village West,158
40.73234,-73.978984,Stuy Town/Peter Cooper Village,224
40.743954,-73.991449,Union Sq,234
40.749013,-73.988484,Penn Station/Madison Sq West,186
40.726281,-73.98978,East Village,79
40.72628,-73.98978,East Village,79
40.749012,-73.988483,Penn Station/Madison Sq West,186
40.781122,-73.949655,Yorkville West,263
40.743954,-73.991448,Union Sq,234
40.722104,-73.997249,Little Italy/NoLiTa,144
40.722103,-73.997249,Little Italy/NoLiTa,144
40.717548,-74.01322,Battery Park City,13
40.717548,-74.013221,Battery Park City,13
40.72318,-73.9948,Little Italy/NoLiTa,144
40.723179,-73.9948,Little Italy/NoLiTa,144
40.716226,-73.982612,Two Bridges/Seward Park,232
40.749717,-74.00295,West Chelsea/Hudson Yards,246
40.749718,-74.00295,West Chelsea/Hudson Yards,246
40.736502,-73.978094,Stuy Town/Peter Cooper Village,224
40.777058,-73.978985,Lincoln Square East,142
40.724946,-74.001658,SoHo,211
40.743174,-74.003664,East Chelsea,68
40.736502,-73.978095,Stuy Town/Peter Cooper Village,224
40.801343,-73.971145,Manhattan Valley,151
40.73705,-73.990093,Union Sq,234
40.808442,-73.945209,Central Harlem,41
40.7284,-73.999687,Greenwich Village South,114
40.737049,-73.990092,Union Sq,234
40.739448,-74.00507,West Village,249
40.786258,-73.945525,East Harlem South,75
40.808442,-73.945208,Central Harlem,41
40.701221,-74.012342,Financial District South,88
40.704718,-74.00926,Financial District North,87
40.800539,-73.941995,East Harlem North,74
40.777057,-73.978984,Lincoln Square East,142
40.801343,-73.971146,Manhattan Valley,151
40.768737,-73.961199,Lenox Hill West,141
40.787209,-73.981281,Upper West Side South,239
40.787208,-73.981281,Upper West Side South,239
40.768736,-73.961199,Lenox Hill West,141
40.728401,-73.999688,Greenwich Village South,114
40.786259,-73.945526,East Harlem South,75
40.810949,-73.9634,Morningside Heights,166
40.755103,-73.974987,Midtown East,162
40.755102,-73.974986,Midtown East,162
40.724947,-74.001659,SoHo,211
40.800538,-73.941994,East Harlem North,74
40.781122,-73.949656,Yorkville West,263
40.73153937464073,-73.9853024482727,East Village,79
40.71310702305908,-73.99446353316307,Chinatown,45
40.71779817737835,-73.99316132068634,Lower East Side,148
40.728659632364604,-74.0119797096122,Meatpacking/West Village West,158
40.7103231,-74.0043228,Seaport,209
40.716444,-73.982331,Two Bridges/Seward Park,232
40.752062307,-73.9816324043,Murray Hill,170
40.715118719964956,-73.98417055606842,Two Bridges/Seward Park,232
40.728486861173785,-74.01169271324761,Meatpacking/West Village West,158
40.72789701409023,-74.00536268949507,Hudson Sq,125
40.72335597960796,-73.98864984512329,East Village,79
40.72938685,-73.97772429,Stuy Town/Peter Cooper Village,224
40.741723510974715,-73.97809267044067,Kips Bay,137
40.726156,-73.995101,Greenwich Village South,114
40.73115,-74.00887,Meatpacking/West Village West,158
40.726156,-73.995102,Greenwich Village South,114
40.707721,-74.004386,Financial District North,87
40.707722,-74.004386,Financial District North,87
40.724677,-73.987834,East Village,79
40.73498,-74.00697,Meatpacking/West Village West,158
40.817245,-73.938787,Central Harlem North,42
40.711471,-73.986726,Two Bridges/Seward Park,232
40.79617,-73.951335,Central Park,43
40.711471394469264,-73.98672603070736,Two Bridges/Seward Park,232
40.72467721,-73.98783413,East Village,79
40.70772198491691,-74.00438636541367,Financial District North,87
40.72615604980408,-73.99510189890862,Greenwich Village South,114
40.869899,-73.920763,Inwood,127
40.75792,-73.966382,Sutton Place/Turtle Bay North,229
40.855331,-73.937878,Washington Heights North,243
40.709267,-74.013247,World Trade Center,261
40.741981,-74.008315,Meatpacking/West Village West,158
40.863124,-73.926994,Washington Heights North,243
40.857157,-73.927173,Washington Heights North,243
40.86788,-73.919685,Inwood,127
40.856906,-73.935662,Washington Heights North,243
40.861382,-73.925591,Washington Heights North,243
40.732758,-73.995816,Greenwich Village North,113
40.72633,-73.986168,East Village,79
40.732759,-73.995817,Greenwich Village North,113
40.741982,-74.008316,Meatpacking/West Village West,158
40.86012,-73.928489,Washington Heights North,243
40.869324,-73.915197,Inwood,127
40.867658,-73.916757,Inwood,127
40.858904,-73.923093,Highbridge Park,120
40.782939,-73.978651,Upper West Side South,239
40.858904,-73.923094,Highbridge Park,120
40.852538,-73.93441,Washington Heights North,243
40.862638,-73.92006,Inwood,127
40.863211,-73.920827,Inwood,127
40.869325,-73.915198,Inwood,127
40.862058,-73.929719,Washington Heights North,243
40.852253,-73.931308,Washington Heights North,243
40.7323398,-73.9789838,Stuy Town/Peter Cooper Village,224
40.854788,-73.929513,Washington Heights North,243
40.867505,-73.926363,Inwood,127
40.85564,-73.927128,Washington Heights North,243
40.868846,-73.931537,Washington Heights North,243
40.726331,-73.986169,East Village,79
40.864632,-73.918598,Inwood,127
40.869898,-73.920763,Inwood,127
40.856487,-73.932969,Washington Heights North,243
40.866141,-73.922648,Inwood,127
40.840896,-73.93972,Washington Heights South,244
40.857994,-73.932173,Washington Heights North,243
40.853142,-73.927094,Highbridge Park,120
40.692316,-74.014865,Governor's Island/Ellis Island/Liberty Island,103
40.859166,-73.933872,Washington Heights North,243
40.764734,-73.991943,Clinton West,50
40.764734,-73.991944,Clinton West,50
40.861281,-73.921417,Inwood,127
40.856487,-73.93297,Washington Heights North,243
40.863089,-73.917583,Inwood,127
40.73,-74.01,Meatpacking/West Village West,158
40.74,-73.99,Union Sq,234
40.75,-74,East Chelsea,68
40.732852935791016,-74.01055908203125,Meatpacking/West Village West,158
40.871094,-73.911503,Inwood,127
40.857158,-73.927174,Washington Heights North,243
40.782939,-73.978652,Upper West Side South,239
40.861282,-73.921418,Inwood,127
40.75427508333333,-73.9964857,East Chelsea,68
40.85890447538412,-73.9230939745903,Highbridge Park,120
40.757920208794026,-73.96638214588165,Sutton Place/Turtle Bay North,229
40.84089603193041,-73.93972098827362,Washington Heights South,244
40.85715781391904,-73.92717361450195,Washington Heights North,243
40.86932465640094,-73.91519755125046,Inwood,127
40.85648733523576,-73.93296986818314,Washington Heights North,243
40.73275887045087,-73.99581670761108,Greenwich Village North,113
40.741981599940225,-74.00831580162048,Meatpacking/West Village West,158
40.8676583895191,-73.91675725579262,Inwood,127
40.869898661940454,-73.92076313495636,Inwood,127
40.861281970750994,-73.921417593956,Inwood,127
40.72633085971696,-73.98616880178452,East Village,79
40.75424158333333,-73.99644088333334,East Chelsea,68
40.73127,-73.98849,East Village,79
40.86308937813274,-73.9175833761692,Inwood,127
40.68706579875912,-74.01675585121666,Governor's Island/Ellis Island/Liberty Island,103
40.840896,-73.939721,Washington Heights South,244
40.723683,-73.975748,Alphabet City,4
40.723684,-73.975748,Alphabet City,4
40.685125,-74.025353,Governor's Island/Ellis Island/Liberty Island,103
40.74,-74.01,Meatpacking/West Village West,158
40.76,-74,West Chelsea/Hudson Yards,246
40.685126,-74.025353,Governor's Island/Ellis Island/Liberty Island,103
40.862562,-73.922661,Inwood,127
40.754274716666664,-73.99644338333333,East Chelsea,68
40.75453018333333,-73.99635993333334,East Chelsea,68
40.692317,-74.014866,Governor's Island/Ellis Island/Liberty Island,103
40.687066,-74.016756,Governor's Island/Ellis Island/Liberty Island,103
40.687065,-74.016755,Governor's Island/Ellis Island/Liberty Island,103
40.81900581806558,-73.94476890563965,Central Harlem North,42
40.79558954105342,-73.96188408136368,Manhattan Valley,151
40.824686,-73.951947,Hamilton Heights,116
40.70960089363537,-74.00655090808868,Financial District North,87
40.819005,-73.944768,Central Harlem North,42
40.79559,-73.961884,Manhattan Valley,151
40.72431,-74.00473,Hudson Sq,125
40.80722,-73.9418,Central Harlem North,42
40.781152764279156,-73.94963040947914,Yorkville West,263
40.709601,-74.006551,Financial District North,87
40.851113,-73.928808,Washington Heights North,243
40.781153,-73.94963,Yorkville West,263
40.819006,-73.944769,Central Harlem North,42
40.78,-73.98,Upper West Side South,239
40.75,-73.99,Penn Station/Madison Sq West,186
40.73,-73.99,East Village,79
40.76,-73.98,Midtown Center,161
40.71,-73.99,Two Bridges/Seward Park,232
40.76,-73.96,Lenox Hill East,140
40.75,-73.98,Murray Hill,170
40.72,-74,Little Italy/NoLiTa,144
40.79,-73.97,Upper West Side North,238
40.8,-73.97,Manhattan Valley,151
40.74,-74,Flatiron,90
40.75,-73.97,UN/Turtle Bay South,233
40.72,-73.99,Lower East Side,148
40.79,-73.96,Central Park,43
40.85,-73.94,Washington Heights South,244
40.76,-73.97,Midtown East,162
40.79,-73.94,East Harlem South,75
40.78,-73.95,Yorkville West,263
40.72,-74.01,TriBeCa/Civic Center,231
40.78,-73.96,Upper East Side North,236
40.77,-73.98,Central Park,43
40.77,-73.95,Lenox Hill East,140
40.77,-73.99,Clinton West,50
40.73,-74,Greenwich Village South,114
40.76,-73.99,Clinton East,48
40.73,-73.98,East Village,79
40.8,-73.96,Bloomingdale,24
40.72,-73.98,Two Bridges/Seward Park,232
40.81,-73.94,Central Harlem North,42
40.79,-73.95,East Harlem South,75
40.71,-74,Chinatown,45
40.8,-73.94,East Harlem North,74
40.77,-73.96,Lenox Hill West,141
40.81,-73.95,Central Harlem,41
40.82,-73.96,Manhattanville,152
40.79,-73.98,Upper West Side North,238
40.77,-73.97,Central Park,43
40.78,-73.97,Central Park,43
40.83,-73.94,Hamilton Heights,116
40.82,-73.94,Central Harlem North,42
40.8,-73.93,East Harlem North,74
40.85,-73.93,Washington Heights North,243
40.78231448346993,-73.95980536937714,Upper East Side North,236
40.782314,-73.959805,Upper East Side North,236
40.80863217506367,-73.95958609887202,Morningside Heights,166
40.808632,-73.959586,Morningside Heights,166
40.739888408589955,-73.98958593606949,Union Sq,234
40.739888,-73.989586,Union Sq,234
40.7529728216068,-73.98734897375107,Garment District,100
40.752973,-73.987349,Garment District,100
40.79,-73.93,Randalls Island,194
40.83,-73.95,Hamilton Heights,116
40.84,-73.94,Washington Heights South,244
40.81,-73.96,Morningside Heights,166
40.82,-73.95,Manhattanville,152
40.716877642237506,-73.98375482414849,Two Bridges/Seward Park,232
40.87,-73.92,Inwood,127
40.69,-74.02,Governor's Island/Ellis Island/Liberty Island,103
40.86,-73.92,Inwood,127
40.748033194287665,-73.973827958107,UN/Turtle Bay South,233
40.71221958009051,-74.01047229766846,World Trade Center,261
40.76171227910671,-73.98655101656914,Clinton East,48
40.84210236102173,-73.9422395825386,Washington Heights South,244
40.761712,-73.986551,Clinton East,48
40.71222,-74.010472,World Trade Center,261
40.748033,-73.973828,UN/Turtle Bay South,233
40.781152,-73.94963,Yorkville West,263
40.842102,-73.94224,Washington Heights South,244
40.86,-73.93,Washington Heights North,243
40.70469667894968,-74.00803416967392,Financial District North,87
40.75973805251143,-73.97811613976955,Midtown Center,161
40.782323,-73.959875,Central Park,43
40.702938,-74.011494,Financial District South,88
40.70293782409166,-74.01149354875088,Financial District South,88
40.78232260730881,-73.95987510681152,Central Park,43
40.759738,-73.978116,Midtown Center,161
40.75971621227007,-73.97812217473984,Midtown Center,161
40.79,-73.92,Randalls Island,194
40.750756,-73.978326,Murray Hill,170
40.704697,-74.008034,Financial District North,87
40.752049,-73.979635,Murray Hill,170
