id,date,awnd,prcp,snow,snwd,tmax,tmin,tsun,wdf2,wdf5,wsf2,wsf5,wt01,wt02,wt03,wt04,wt06,wt08
USW00094728,2020-01-01,38,0,0,0,50,11,NA,270,260,76,130,NA,NA,NA,NA,NA,NA
USW00094728,2020-01-02,24,0,0,0,94,6,NA,230,220,58,98,NA,NA,NA,NA,NA,NA
USW00094728,2020-01-03,15,38,0,0,94,67,NA,250,230,45,67,1,NA,NA,NA,NA,1
USW00094728,2020-01-04,20,69,0,0,106,50,NA,300,330,67,107,1,1,NA,NA,NA,NA
USW00094728,2020-01-05,51,0,0,0,56,17,NA,300,300,112,192,NA,NA,NA,NA,NA,NA
USW00094728,2020-01-06,27,10,5,0,72,0,NA,250,230,72,103,1,NA,NA,NA,NA,NA
USW00094728,2020-01-07,23,0,0,0,72,22,NA,230,240,72,121,NA,NA,NA,NA,NA,NA
USW00094728,2020-01-08,43,0,0,0,56,-21,NA,270,280,94,157,NA,NA,NA,NA,NA,1
USW00094728,2020-01-09,20,0,0,0,11,-49,NA,300,290,76,116,NA,NA,NA,NA,NA,NA
USW00094728,2020-01-10,28,0,0,0,128,6,NA,240,220,63,112,NA,NA,NA,NA,NA,NA
USW00094728,2020-01-11,24,0,0,0,206,106,NA,230,210,67,130,NA,NA,NA,NA,NA,NA
USW00094728,2020-01-12,39,13,0,0,200,61,NA,260,240,98,152,1,NA,NA,NA,NA,NA
USW00094728,2020-01-13,20,0,0,0,78,28,NA,50,70,63,81,NA,NA,NA,NA,NA,1
USW00094728,2020-01-14,17,18,0,0,78,39,NA,140,140,54,63,1,NA,NA,NA,NA,NA
USW00094728,2020-01-15,23,0,0,0,100,50,NA,270,270,58,89,1,NA,NA,NA,NA,1
USW00094728,2020-01-16,46,28,0,0,94,6,NA,290,270,98,179,1,NA,NA,NA,NA,1
USW00094728,2020-01-17,48,0,0,0,6,-60,NA,300,310,107,188,NA,NA,NA,NA,NA,NA
USW00094728,2020-01-18,22,94,53,0,28,-66,NA,250,230,76,116,1,1,NA,NA,NA,1
USW00094728,2020-01-19,40,0,0,30,61,-27,NA,270,300,76,121,1,NA,NA,NA,NA,NA
USW00094728,2020-01-20,35,0,0,0,-5,-66,NA,300,300,81,130,NA,NA,NA,NA,NA,NA
USW00094728,2020-01-21,19,0,0,0,6,-66,NA,360,300,58,85,NA,NA,NA,NA,NA,NA
USW00094728,2020-01-22,NA,0,0,0,33,-38,NA,NA,NA,NA,NA,NA,NA,NA,NA,NA,NA
USW00094728,2020-01-23,NA,0,0,0,83,6,NA,NA,NA,NA,NA,NA,NA,NA,NA,NA,NA
USW00094728,2020-01-24,NA,0,0,0,106,28,NA,NA,NA,NA,NA,NA,NA,NA,NA,NA,NA
USW00094728,2020-01-25,NA,216,0,0,106,33,NA,NA,NA,NA,NA,1,NA,NA,NA,NA,NA
USW00094728,2020-01-26,NA,0,0,0,78,33,NA,NA,NA,NA,NA,NA,NA,NA,NA,NA,NA
USW00094728,2020-01-27,28,0,0,0,72,28,NA,300,310,45,76,NA,NA,NA,NA,NA,NA
USW00094728,2020-01-28,38,0,0,0,61,28,NA,300,290,67,125,NA,NA,NA,NA,NA,NA
USW00094728,2020-01-29,30,0,0,0,50,-5,NA,10,310,63,107,NA,NA,NA,NA,NA,NA
USW00094728,2020-01-30,19,0,0,0,33,-38,NA,40,20,58,76,NA,NA,NA,NA,NA,NA
USW00094728,2020-01-31,17,5,0,0,67,6,NA,110,130,36,49,1,NA,NA,NA,NA,NA
USW00094728,2020-02-01,9,0,0,0,61,28,NA,300,300,36,45,1,NA,NA,NA,NA,1
USW00094728,2020-02-02,22,18,0,0,72,17,NA,230,240,81,121,1,NA,NA,NA,NA,NA
USW00094728,2020-02-03,25,0,0,0,139,28,NA,250,260,63,81,1,NA,NA,NA,NA,NA
USW00094728,2020-02-04,15,0,0,0,161,61,NA,230,240,40,67,NA,NA,NA,NA,NA,NA
USW00094728,2020-02-05,26,0,0,0,128,39,NA,360,20,63,89,1,NA,NA,NA,NA,NA
USW00094728,2020-02-06,31,130,0,0,50,17,NA,60,40,67,85,1,NA,NA,NA,NA,NA
USW00094728,2020-02-07,43,64,0,0,133,6,NA,280,290,107,206,1,NA,NA,NA,NA,NA
USW00094728,2020-02-08,33,0,0,0,50,-10,NA,290,270,81,125,NA,NA,NA,NA,NA,NA
USW00094728,2020-02-09,26,0,0,0,67,-5,NA,250,250,58,89,NA,NA,NA,NA,NA,NA
USW00094728,2020-02-10,28,94,0,0,83,56,NA,230,240,63,103,1,NA,NA,NA,NA,NA
USW00094728,2020-02-11,16,71,0,0,89,61,NA,300,300,63,94,1,NA,NA,NA,NA,NA
USW00094728,2020-02-12,24,33,0,0,78,28,NA,300,300,72,121,1,NA,NA,NA,NA,NA
USW00094728,2020-02-13,19,99,0,0,67,28,NA,290,280,63,112,1,NA,NA,NA,NA,NA
USW00094728,2020-02-14,33,0,0,0,44,-77,NA,300,300,89,143,NA,NA,NA,NA,NA,NA
USW00094728,2020-02-15,22,0,0,0,-5,-99,NA,220,240,76,107,NA,NA,NA,NA,NA,NA
USW00094728,2020-02-16,25,0,0,0,67,-10,NA,220,220,67,103,NA,NA,NA,NA,NA,NA
USW00094728,2020-02-17,23,0,0,0,106,33,NA,50,50,76,121,NA,NA,NA,NA,NA,NA
USW00094728,2020-02-18,28,0,0,0,83,33,NA,80,100,67,94,1,NA,NA,NA,NA,1
USW00094728,2020-02-19,33,0,0,0,89,0,NA,300,310,76,121,1,NA,NA,NA,NA,1
USW00094728,2020-02-20,26,0,0,0,17,-32,NA,260,340,67,98,NA,NA,NA,NA,NA,NA
USW00094728,2020-02-21,24,0,0,0,17,-66,NA,350,330,67,94,NA,NA,NA,NA,NA,NA
USW00094728,2020-02-22,28,0,0,0,100,-10,NA,240,220,63,103,NA,NA,NA,NA,NA,NA
USW00094728,2020-02-23,20,0,0,0,133,39,NA,230,230,58,89,NA,NA,NA,NA,NA,NA
USW00094728,2020-02-24,13,0,0,0,167,50,NA,140,140,54,67,NA,NA,NA,NA,NA,NA
USW00094728,2020-02-25,17,36,0,0,117,78,NA,60,220,54,76,1,NA,NA,NA,NA,1
USW00094728,2020-02-26,32,0,0,0,89,61,NA,100,120,63,103,1,NA,NA,NA,NA,NA
USW00094728,2020-02-27,57,102,0,0,61,-5,NA,280,290,125,197,1,NA,NA,NA,NA,NA
USW00094728,2020-02-28,44,0,0,0,56,-16,NA,270,230,94,152,NA,NA,NA,NA,NA,NA
USW00094728,2020-02-29,39,0,0,0,17,-38,NA,300,330,81,134,NA,NA,NA,NA,NA,NA
USW00094728,2020-03-01,27,0,0,0,67,-38,NA,280,270,67,112,NA,NA,NA,NA,NA,NA
USW00094728,2020-03-02,29,0,0,0,144,44,NA,220,220,67,103,NA,NA,NA,NA,NA,NA
USW00094728,2020-03-03,27,66,0,0,150,94,NA,260,280,89,143,1,NA,NA,NA,NA,NA
USW00094728,2020-03-04,46,0,0,0,133,72,NA,280,280,98,157,NA,NA,NA,NA,NA,NA
USW00094728,2020-03-05,24,0,0,0,106,39,NA,300,310,67,103,NA,NA,NA,NA,NA,NA
USW00094728,2020-03-06,34,94,0,0,72,28,NA,30,30,76,130,1,NA,NA,NA,NA,NA
USW00094728,2020-03-07,34,0,0,0,89,22,NA,20,10,76,125,NA,NA,NA,NA,NA,NA
USW00094728,2020-03-08,30,0,0,0,150,17,NA,240,240,67,103,NA,NA,NA,NA,NA,NA
USW00094728,2020-03-09,33,0,0,0,222,83,NA,240,230,67,125,NA,NA,NA,NA,NA,NA
USW00094728,2020-03-10,34,0,0,0,183,122,NA,240,240,76,121,NA,NA,NA,NA,NA,NA
USW00094728,2020-03-11,21,0,0,0,139,61,NA,310,310,76,116,NA,NA,NA,NA,NA,NA
USW00094728,2020-03-12,23,8,0,0,100,61,NA,60,50,54,72,1,NA,NA,NA,NA,NA
USW00094728,2020-03-13,39,66,0,0,211,72,NA,250,260,94,148,1,NA,NA,NA,NA,NA
USW00094728,2020-03-14,33,0,0,0,139,61,NA,300,310,81,134,NA,NA,NA,NA,NA,NA
USW00094728,2020-03-15,28,0,0,0,122,44,NA,30,20,67,98,NA,NA,NA,NA,NA,1
USW00094728,2020-03-16,40,0,0,0,72,6,NA,40,40,72,116,NA,NA,NA,NA,NA,NA
USW00094728,2020-03-17,19,41,0,0,122,50,NA,260,250,63,94,1,NA,NA,NA,NA,1
USW00094728,2020-03-18,20,0,0,0,122,50,NA,140,150,58,85,NA,NA,NA,NA,NA,NA
USW00094728,2020-03-19,21,236,0,0,111,50,NA,70,60,72,94,1,NA,NA,NA,NA,NA
USW00094728,2020-03-20,26,0,0,0,250,83,NA,280,250,81,152,1,NA,NA,NA,NA,1
USW00094728,2020-03-21,35,0,0,0,183,44,NA,40,50,72,103,NA,NA,NA,NA,NA,NA
USW00094728,2020-03-22,45,0,0,0,72,6,NA,50,20,76,112,NA,NA,NA,NA,NA,NA
USW00094728,2020-03-23,41,295,0,0,50,22,NA,40,30,89,139,1,NA,NA,NA,NA,NA
USW00094728,2020-03-24,30,0,0,0,128,22,NA,40,300,67,89,NA,NA,NA,NA,NA,NA
USW00094728,2020-03-25,44,3,0,0,72,44,NA,50,60,98,148,NA,NA,NA,NA,NA,NA
USW00094728,2020-03-26,20,0,0,0,156,33,NA,50,220,63,89,NA,NA,NA,NA,NA,NA
USW00094728,2020-03-27,22,0,0,0,206,100,NA,60,20,58,89,NA,NA,NA,NA,NA,NA
USW00094728,2020-03-28,33,114,0,0,122,67,NA,70,70,76,112,1,NA,NA,NA,NA,NA
USW00094728,2020-03-29,52,13,0,0,83,67,NA,60,40,94,130,1,NA,NA,NA,NA,NA
USW00094728,2020-03-30,21,10,0,0,111,50,NA,50,50,58,72,1,NA,NA,NA,NA,NA
USW00094728,2020-03-31,30,15,0,0,94,50,NA,50,40,72,94,1,NA,NA,NA,NA,NA
USW00094728,2020-04-01,34,0,0,0,133,33,NA,50,40,76,103,NA,NA,NA,NA,NA,NA
USW00094728,2020-04-02,42,0,0,0,144,33,NA,300,280,94,157,NA,NA,NA,NA,NA,NA
USW00094728,2020-04-03,39,33,0,0,111,72,NA,10,20,76,112,NA,NA,NA,NA,NA,NA
USW00094728,2020-04-04,19,5,0,0,167,78,NA,40,30,67,103,1,NA,NA,NA,NA,NA
USW00094728,2020-04-05,11,0,0,0,183,83,NA,140,150,45,72,NA,NA,NA,NA,NA,NA
USW00094728,2020-04-06,26,18,0,0,189,94,NA,310,320,58,85,1,NA,NA,NA,NA,NA
USW00094728,2020-04-07,17,0,0,0,200,111,NA,150,150,67,94,NA,NA,NA,NA,NA,NA
USW00094728,2020-04-08,17,51,0,0,178,94,NA,350,240,45,72,1,NA,NA,NA,NA,1
USW00094728,2020-04-09,35,30,0,0,150,61,NA,300,300,107,174,1,NA,1,NA,NA,NA
USW00094728,2020-04-10,45,3,0,0,94,28,NA,280,290,112,174,NA,NA,NA,NA,NA,NA
USW00094728,2020-04-11,40,0,0,0,133,33,NA,270,300,81,116,NA,NA,NA,NA,NA,NA
USW00094728,2020-04-12,26,0,0,0,172,67,NA,150,150,72,112,NA,NA,NA,NA,NA,NA
USW00094728,2020-04-13,35,488,0,0,194,117,NA,160,200,81,170,1,NA,NA,NA,NA,NA
USW00094728,2020-04-14,28,0,0,0,156,83,NA,300,280,67,107,NA,NA,NA,NA,NA,NA
USW00094728,2020-04-15,28,0,0,0,122,56,NA,270,270,63,112,NA,NA,NA,NA,NA,NA
USW00094728,2020-04-16,41,0,0,0,100,33,NA,270,280,76,134,NA,NA,NA,NA,NA,NA
USW00094728,2020-04-17,24,18,0,0,106,22,NA,220,220,63,98,1,NA,NA,NA,NA,NA
USW00094728,2020-04-18,26,56,0,0,78,50,NA,360,10,63,89,1,NA,NA,NA,NA,NA
USW00094728,2020-04-19,33,0,0,0,172,44,NA,230,200,67,116,NA,NA,NA,NA,NA,NA
USW00094728,2020-04-20,21,0,0,0,139,89,NA,40,50,58,94,NA,NA,NA,NA,NA,NA
USW00094728,2020-04-21,32,46,0,0,161,39,NA,280,280,103,161,1,NA,1,NA,NA,NA
USW00094728,2020-04-22,36,0,0,0,106,22,NA,280,260,89,139,NA,NA,NA,NA,NA,NA
USW00094728,2020-04-23,17,33,0,0,111,44,NA,50,110,40,67,1,NA,NA,NA,NA,NA
USW00094728,2020-04-24,32,122,0,0,94,56,NA,50,70,76,125,1,NA,NA,NA,NA,NA
USW00094728,2020-04-25,15,0,0,0,183,67,NA,140,160,63,89,NA,NA,NA,NA,NA,NA
USW00094728,2020-04-26,47,56,0,0,106,56,NA,50,50,116,179,1,NA,NA,NA,NA,NA
USW00094728,2020-04-27,33,0,0,0,100,39,NA,360,360,72,107,1,NA,NA,NA,NA,NA
USW00094728,2020-04-28,17,0,0,0,194,50,NA,280,270,54,89,NA,NA,NA,NA,NA,NA
USW00094728,2020-04-29,30,3,0,0,150,83,NA,60,80,72,103,NA,NA,NA,NA,NA,NA
USW00094728,2020-04-30,41,180,0,0,156,94,NA,130,160,81,161,1,NA,NA,NA,NA,NA
USW00094728,2020-05-01,17,53,0,0,189,117,NA,300,300,63,103,1,NA,NA,NA,NA,NA
USW00094728,2020-05-02,27,0,0,0,228,106,NA,250,280,67,103,NA,NA,NA,NA,NA,NA
USW00094728,2020-05-03,25,10,0,0,267,122,NA,220,220,63,94,1,NA,NA,NA,NA,NA
USW00094728,2020-05-04,26,0,0,0,239,100,NA,290,310,81,165,NA,NA,NA,NA,NA,NA
USW00094728,2020-05-05,30,0,0,0,172,78,NA,280,250,63,98,NA,NA,NA,NA,NA,NA
USW00094728,2020-05-06,25,15,0,0,111,72,NA,60,60,63,89,1,NA,NA,NA,NA,NA
USW00094728,2020-05-07,27,0,0,0,194,78,NA,290,250,63,103,NA,NA,NA,NA,NA,NA
USW00094728,2020-05-08,19,114,0,0,139,22,NA,300,310,67,116,1,NA,NA,NA,NA,NA
USW00094728,2020-05-09,40,8,0,0,89,11,NA,280,280,94,161,1,NA,NA,NA,NA,NA
USW00094728,2020-05-10,33,0,0,0,178,39,NA,250,230,81,130,NA,NA,NA,NA,NA,NA
USW00094728,2020-05-11,26,13,0,0,161,67,NA,270,240,89,161,1,NA,NA,NA,NA,NA
USW00094728,2020-05-12,35,0,0,0,150,61,NA,280,260,76,130,NA,NA,NA,NA,NA,NA
USW00094728,2020-05-13,24,0,0,0,178,50,NA,280,280,58,103,NA,NA,NA,NA,NA,NA
USW00094728,2020-05-14,10,0,0,0,194,83,NA,160,130,45,85,NA,NA,NA,NA,NA,NA
USW00094728,2020-05-15,22,18,0,0,289,156,NA,260,220,63,103,1,NA,NA,NA,NA,1
USW00094728,2020-05-16,17,3,0,0,250,150,NA,150,250,54,89,NA,NA,NA,NA,NA,NA
USW00094728,2020-05-17,14,0,0,0,206,128,NA,130,120,45,72,NA,NA,NA,NA,NA,NA
USW00094728,2020-05-18,NA,0,0,0,211,122,NA,NA,NA,NA,NA,NA,NA,NA,NA,NA,NA
USW00094728,2020-05-19,NA,0,0,0,200,117,NA,NA,NA,NA,NA,NA,NA,NA,NA,NA,NA
USW00094728,2020-05-20,NA,0,0,0,189,94,NA,NA,NA,NA,NA,NA,NA,NA,NA,NA,NA
USW00094728,2020-05-21,NA,0,0,0,200,78,NA,NA,NA,NA,NA,NA,NA,NA,NA,NA,NA
USW00094728,2020-05-22,NA,8,0,0,250,122,NA,NA,NA,NA,NA,1,NA,NA,NA,NA,NA
USW00094728,2020-05-23,NA,165,0,0,194,128,NA,NA,NA,NA,NA,1,1,1,NA,NA,NA
USW00094728,2020-05-24,NA,0,0,0,194,111,NA,NA,NA,NA,NA,NA,NA,NA,NA,NA,NA
USW00094728,2020-05-25,NA,0,0,0,217,128,NA,NA,NA,NA,NA,1,NA,NA,NA,NA,NA
USW00094728,2020-05-26,NA,0,0,0,256,144,NA,NA,NA,NA,NA,1,NA,NA,NA,NA,1
USW00094728,2020-05-27,NA,0,0,0,261,156,NA,NA,NA,NA,NA,NA,NA,NA,NA,NA,1
USW00094728,2020-05-28,NA,0,0,0,244,178,NA,NA,NA,NA,NA,1,NA,NA,NA,NA,NA
USW00094728,2020-05-29,NA,8,0,0,272,194,NA,NA,NA,NA,NA,1,NA,1,NA,NA,NA
USW00094728,2020-05-30,NA,5,0,0,272,194,NA,NA,NA,NA,NA,NA,NA,NA,NA,NA,NA
USW00094728,2020-05-31,NA,0,0,0,211,133,NA,NA,NA,NA,NA,NA,NA,NA,NA,NA,NA
USW00094728,2020-06-01,NA,0,0,0,211,106,NA,NA,NA,NA,NA,NA,NA,NA,NA,NA,NA
USW00094728,2020-06-02,NA,0,0,0,222,150,NA,NA,NA,NA,NA,NA,NA,NA,NA,NA,NA
USW00094728,2020-06-03,NA,114,0,0,261,156,NA,NA,NA,NA,NA,1,NA,1,NA,NA,NA
USW00094728,2020-06-04,NA,41,0,0,289,189,NA,NA,NA,NA,NA,1,NA,NA,NA,NA,NA
USW00094728,2020-06-05,NA,66,0,0,261,206,NA,NA,NA,NA,NA,1,NA,1,NA,NA,NA
USW00094728,2020-06-06,NA,15,0,0,300,211,NA,NA,NA,NA,NA,1,NA,1,NA,NA,NA
USW00094728,2020-06-07,NA,0,0,0,244,172,NA,NA,NA,NA,NA,NA,NA,NA,NA,NA,NA
USW00094728,2020-06-08,NA,0,0,0,261,150,NA,NA,NA,NA,NA,NA,NA,NA,NA,NA,NA
USW00094728,2020-06-09,NA,0,0,0,306,183,NA,NA,NA,NA,NA,NA,NA,NA,NA,NA,NA
USW00094728,2020-06-10,NA,0,0,0,294,211,NA,NA,NA,NA,NA,NA,NA,NA,NA,NA,NA
USW00094728,2020-06-11,NA,13,0,0,289,211,NA,NA,NA,NA,NA,1,NA,NA,NA,NA,NA
USW00094728,2020-06-12,NA,0,0,0,294,206,NA,NA,NA,NA,NA,NA,NA,NA,NA,NA,NA
USW00094728,2020-06-13,NA,0,0,0,239,150,NA,NA,NA,NA,NA,NA,NA,NA,NA,NA,NA
USW00094728,2020-06-14,NA,0,0,0,233,122,NA,NA,NA,NA,NA,NA,NA,NA,NA,NA,NA
USW00094728,2020-06-15,NA,0,0,0,239,150,NA,NA,NA,NA,NA,NA,NA,NA,NA,NA,NA
USW00094728,2020-06-16,NA,0,0,0,256,156,NA,NA,NA,NA,NA,NA,NA,NA,NA,NA,NA
USW00094728,2020-06-17,NA,0,0,0,256,156,NA,NA,NA,NA,NA,NA,NA,NA,NA,NA,NA
USW00094728,2020-06-18,NA,0,0,0,250,183,NA,NA,NA,NA,NA,1,NA,NA,NA,NA,NA
USW00094728,2020-06-19,11,0,0,0,283,183,NA,220,220,31,54,1,NA,NA,NA,NA,NA
USW00094728,2020-06-20,8,0,0,0,300,211,NA,210,160,31,121,NA,NA,NA,NA,NA,NA
USW00094728,2020-06-21,11,0,0,0,311,211,NA,200,210,45,107,NA,NA,NA,NA,NA,NA
USW00094728,2020-06-22,13,0,0,0,322,222,NA,170,260,36,89,NA,NA,NA,NA,NA,NA
USW00094728,2020-06-23,11,0,0,0,306,233,NA,170,260,58,107,1,NA,NA,NA,NA,1
USW00094728,2020-06-24,19,0,0,0,300,233,NA,260,280,54,76,NA,NA,NA,NA,NA,NA
USW00094728,2020-06-25,13,0,0,0,306,222,NA,230,170,36,98,NA,NA,NA,NA,NA,NA
USW00094728,2020-06-26,16,0,0,0,306,206,NA,260,270,40,67,NA,NA,NA,NA,NA,NA
USW00094728,2020-06-27,12,23,0,0,267,222,NA,220,210,54,94,1,NA,NA,NA,NA,NA
USW00094728,2020-06-28,10,28,0,0,322,211,NA,260,260,54,98,1,NA,1,NA,NA,NA
USW00094728,2020-06-29,15,147,0,0,306,183,NA,340,170,148,210,1,NA,1,NA,NA,NA
USW00094728,2020-06-30,14,0,0,0,267,194,NA,40,40,54,72,NA,NA,1,NA,NA,NA
USW00094728,2020-07-01,10,8,0,0,267,194,NA,70,80,54,72,NA,NA,1,NA,NA,NA
USW00094728,2020-07-02,15,0,0,0,333,200,NA,30,10,54,85,NA,NA,NA,NA,NA,NA
USW00094728,2020-07-03,16,33,0,0,322,217,NA,50,50,67,94,1,NA,1,NA,NA,1
USW00094728,2020-07-04,20,0,0,0,306,200,NA,60,40,45,67,1,NA,NA,NA,NA,1
USW00094728,2020-07-05,11,0,0,0,333,222,NA,250,NA,45,NA,NA,NA,NA,NA,NA,1
USW00094728,2020-07-06,13,137,0,0,356,211,NA,240,230,76,139,1,NA,1,NA,NA,NA
USW00094728,2020-07-07,19,0,0,0,278,222,NA,130,120,45,67,NA,NA,NA,NA,NA,NA
USW00094728,2020-07-08,11,5,0,0,283,239,NA,210,210,94,98,1,NA,NA,NA,NA,NA
USW00094728,2020-07-09,12,0,0,0,317,239,NA,150,210,40,76,NA,NA,NA,NA,NA,1
USW00094728,2020-07-10,32,645,0,0,250,228,NA,130,140,76,139,1,1,NA,NA,NA,NA
USW00094728,2020-07-11,15,193,0,0,283,222,NA,230,200,54,98,1,NA,NA,NA,NA,1
USW00094728,2020-07-12,22,10,0,0,306,217,NA,250,230,54,94,1,NA,NA,NA,NA,NA
USW00094728,2020-07-13,18,5,0,0,300,211,NA,270,280,58,85,1,NA,NA,NA,NA,NA
USW00094728,2020-07-14,21,0,0,0,294,211,NA,20,300,54,81,NA,NA,NA,NA,NA,NA
USW00094728,2020-07-15,26,0,0,0,278,211,NA,50,60,58,76,NA,NA,NA,NA,NA,NA
USW00094728,2020-07-16,17,0,0,0,256,206,NA,140,140,54,89,NA,NA,NA,NA,NA,NA
USW00094728,2020-07-17,9,8,0,0,289,206,NA,50,170,36,103,NA,NA,NA,NA,NA,NA
USW00094728,2020-07-18,6,0,0,0,328,222,NA,240,130,31,89,1,NA,NA,NA,NA,NA
USW00094728,2020-07-19,19,0,0,0,344,250,NA,240,260,36,121,NA,NA,NA,NA,NA,NA
USW00094728,2020-07-20,17,0,0,0,339,272,NA,280,270,58,98,NA,NA,NA,NA,NA,NA
USW00094728,2020-07-21,8,0,0,0,328,250,NA,250,150,40,63,NA,NA,NA,NA,NA,NA
USW00094728,2020-07-22,13,361,0,0,333,222,NA,280,300,103,157,1,1,1,NA,NA,NA
USW00094728,2020-07-23,20,0,0,0,300,228,NA,250,230,54,81,NA,NA,NA,NA,NA,NA
USW00094728,2020-07-24,14,48,0,0,267,222,NA,60,230,58,89,1,NA,1,NA,NA,1
USW00094728,2020-07-25,17,0,0,0,311,222,NA,230,220,40,67,1,NA,NA,NA,NA,1
USW00094728,2020-07-26,24,0,0,0,333,250,NA,280,290,63,94,NA,NA,NA,NA,NA,NA
USW00094728,2020-07-27,23,0,0,0,339,244,NA,230,230,63,98,NA,NA,NA,NA,NA,NA
USW00094728,2020-07-28,21,0,0,0,339,267,NA,240,240,63,103,NA,NA,NA,NA,NA,NA
USW00094728,2020-07-29,7,0,0,0,322,250,NA,230,210,40,112,NA,NA,NA,NA,NA,NA
USW00094728,2020-07-30,13,20,0,0,333,233,NA,240,230,54,85,1,NA,NA,NA,NA,NA
USW00094728,2020-07-31,7,198,0,0,278,211,NA,50,50,63,98,1,NA,1,NA,NA,NA
USW00094728,2020-08-01,10,0,0,0,311,217,NA,150,170,40,98,NA,NA,NA,NA,NA,NA
USW00094728,2020-08-02,18,0,0,0,317,250,NA,140,140,54,89,NA,NA,NA,NA,NA,NA
USW00094728,2020-08-03,20,137,0,0,311,211,NA,250,260,67,107,1,NA,1,NA,NA,NA
USW00094728,2020-08-04,32,140,0,0,261,211,NA,150,130,112,215,1,NA,1,NA,NA,NA
USW00094728,2020-08-05,19,0,0,0,300,228,NA,270,220,58,94,NA,NA,NA,NA,NA,NA
USW00094728,2020-08-06,10,0,0,0,278,217,NA,150,130,36,63,NA,NA,NA,NA,NA,NA
USW00094728,2020-08-07,18,117,0,0,272,189,NA,70,90,54,81,1,NA,1,NA,NA,NA
USW00094728,2020-08-08,11,0,0,0,283,200,NA,140,140,40,67,1,NA,NA,NA,NA,NA
USW00094728,2020-08-09,16,0,0,0,306,222,NA,180,160,40,72,1,NA,NA,NA,NA,1
USW00094728,2020-08-10,21,0,0,0,333,244,NA,150,160,45,81,NA,NA,NA,NA,NA,NA
USW00094728,2020-08-11,15,0,0,0,311,256,NA,140,150,58,112,1,NA,NA,NA,NA,NA
USW00094728,2020-08-12,11,447,0,0,322,222,NA,140,160,58,85,1,NA,1,NA,NA,1
USW00094728,2020-08-13,9,61,0,0,261,222,NA,60,50,40,58,1,NA,1,NA,NA,NA
USW00094728,2020-08-14,26,0,0,0,300,228,NA,60,40,67,94,NA,NA,NA,NA,NA,NA
USW00094728,2020-08-15,28,0,0,0,289,217,NA,70,60,67,103,NA,NA,NA,NA,NA,NA
USW00094728,2020-08-16,35,53,0,0,222,194,NA,40,40,67,103,1,NA,NA,NA,NA,NA
USW00094728,2020-08-17,11,36,0,0,272,178,NA,170,10,45,85,1,NA,1,NA,NA,NA
USW00094728,2020-08-18,13,51,0,0,278,172,NA,270,270,58,103,1,NA,1,NA,NA,NA
USW00094728,2020-08-19,14,36,0,0,239,189,NA,90,300,40,63,1,NA,1,NA,NA,NA
USW00094728,2020-08-20,14,0,0,0,267,167,NA,230,210,40,63,NA,NA,NA,NA,NA,NA
USW00094728,2020-08-21,27,0,0,0,283,200,NA,240,220,58,85,NA,NA,NA,NA,NA,NA
USW00094728,2020-08-22,18,0,0,0,311,228,NA,240,250,54,81,NA,NA,1,NA,NA,NA
USW00094728,2020-08-23,11,0,0,0,300,233,NA,240,200,40,58,NA,NA,NA,NA,NA,NA
USW00094728,2020-08-24,14,0,0,0,322,239,NA,270,NA,54,NA,NA,NA,NA,NA,NA,NA
USW00094728,2020-08-25,25,91,0,0,317,217,NA,10,10,94,157,1,NA,1,NA,NA,NA
USW00094728,2020-08-26,28,0,0,0,250,194,NA,300,310,72,116,NA,NA,NA,NA,NA,NA
USW00094728,2020-08-27,16,107,0,0,322,189,NA,240,230,76,143,1,NA,1,NA,NA,NA
USW00094728,2020-08-28,16,0,0,0,294,217,NA,250,220,54,103,NA,NA,NA,NA,NA,NA
USW00094728,2020-08-29,19,3,0,0,272,222,NA,300,300,63,85,1,NA,NA,NA,NA,NA
USW00094728,2020-08-30,34,0,0,0,261,194,NA,300,300,67,103,NA,NA,NA,NA,NA,NA
USW00094728,2020-08-31,15,0,0,0,250,172,NA,140,150,40,63,NA,NA,NA,NA,NA,NA
USW00094728,2020-09-01,17,58,0,0,250,189,NA,110,90,54,76,1,NA,NA,NA,NA,NA
USW00094728,2020-09-02,13,36,0,0,261,206,NA,140,140,36,58,1,NA,NA,NA,NA,NA
USW00094728,2020-09-03,13,180,0,0,294,211,NA,290,290,45,67,1,NA,NA,NA,NA,NA
USW00094728,2020-09-04,20,0,0,0,294,206,NA,280,280,54,81,1,NA,NA,NA,NA,NA
USW00094728,2020-09-05,17,0,0,0,267,183,NA,310,220,45,72,NA,NA,NA,NA,NA,NA
USW00094728,2020-09-06,16,0,0,0,278,189,NA,160,150,40,85,NA,NA,NA,NA,NA,NA
USW00094728,2020-09-07,11,0,0,0,261,189,NA,140,140,54,89,NA,NA,NA,NA,NA,NA
USW00094728,2020-09-08,9,0,0,0,289,200,NA,140,150,36,58,NA,NA,NA,NA,NA,NA
USW00094728,2020-09-09,11,0,0,0,272,206,NA,170,140,31,49,1,NA,NA,NA,NA,NA
USW00094728,2020-09-10,12,305,0,0,278,228,NA,230,220,45,67,1,NA,NA,NA,NA,NA
USW00094728,2020-09-11,25,0,0,0,244,178,NA,20,20,63,103,1,NA,NA,NA,NA,NA
USW00094728,2020-09-12,24,0,0,0,233,161,NA,50,110,54,81,NA,NA,NA,NA,NA,NA
USW00094728,2020-09-13,13,0,0,0,233,161,NA,140,140,45,81,NA,NA,NA,NA,NA,NA
USW00094728,2020-09-14,22,0,0,0,239,150,NA,360,340,67,103,NA,NA,NA,NA,NA,NA
USW00094728,2020-09-15,17,0,0,0,189,122,NA,20,30,67,112,NA,NA,NA,NA,NA,NA
USW00094728,2020-09-16,12,0,0,0,217,133,NA,250,230,40,85,NA,NA,NA,NA,NA,NA
USW00094728,2020-09-17,9,0,0,0,239,178,NA,250,250,45,63,NA,NA,NA,NA,NA,NA
USW00094728,2020-09-18,37,0,0,0,211,128,NA,20,10,72,121,NA,NA,NA,NA,NA,NA
USW00094728,2020-09-19,31,0,0,0,172,100,NA,50,20,76,121,NA,NA,NA,NA,NA,NA
USW00094728,2020-09-20,29,0,0,0,183,100,NA,50,50,67,94,NA,NA,NA,NA,NA,NA
USW00094728,2020-09-21,21,0,0,0,183,94,NA,60,40,67,103,NA,NA,NA,NA,NA,NA
USW00094728,2020-09-22,17,0,0,0,217,89,NA,300,290,58,85,NA,NA,NA,NA,NA,NA
USW00094728,2020-09-23,23,0,0,0,261,139,NA,300,290,67,107,NA,NA,NA,NA,NA,NA
USW00094728,2020-09-24,12,0,0,0,239,167,NA,260,230,40,67,NA,NA,NA,NA,NA,NA
USW00094728,2020-09-25,9,0,0,0,250,167,NA,220,160,31,54,1,NA,NA,NA,NA,1
USW00094728,2020-09-26,13,0,0,0,233,183,NA,140,160,40,72,NA,NA,NA,NA,NA,1
USW00094728,2020-09-27,12,8,0,0,261,194,NA,130,140,40,58,1,NA,NA,NA,NA,NA
USW00094728,2020-09-28,13,5,0,0,250,206,NA,140,190,40,72,1,NA,NA,NA,NA,NA
USW00094728,2020-09-29,17,119,0,0,233,194,NA,140,210,45,98,1,NA,NA,NA,NA,NA
USW00094728,2020-09-30,28,290,0,0,217,156,NA,270,170,76,125,1,NA,NA,NA,NA,NA
USW00094728,2020-10-01,17,0,0,0,222,156,NA,240,270,54,89,NA,NA,NA,NA,NA,NA
USW00094728,2020-10-02,17,10,0,0,183,117,NA,270,280,40,72,1,NA,NA,NA,NA,NA
USW00094728,2020-10-03,20,0,0,0,189,111,NA,260,260,54,67,NA,NA,NA,NA,NA,NA
USW00094728,2020-10-04,18,0,0,0,194,106,NA,60,50,54,72,NA,NA,NA,NA,NA,NA
USW00094728,2020-10-05,12,0,0,0,211,117,NA,350,60,40,58,NA,NA,NA,NA,NA,NA
USW00094728,2020-10-06,14,0,0,0,206,139,NA,240,230,54,85,NA,NA,NA,NA,NA,NA
USW00094728,2020-10-07,37,5,0,0,233,156,NA,280,260,72,125,NA,NA,NA,NA,NA,1
USW00094728,2020-10-08,35,0,0,0,178,117,NA,300,270,76,116,NA,NA,NA,NA,NA,NA
USW00094728,2020-10-09,11,0,0,0,206,100,NA,230,230,58,94,NA,NA,NA,NA,NA,NA
USW00094728,2020-10-10,27,0,0,0,217,144,NA,240,220,63,116,NA,NA,NA,NA,NA,NA
USW00094728,2020-10-11,26,0,0,0,194,139,NA,240,240,63,98,NA,NA,NA,NA,NA,NA
USW00094728,2020-10-12,39,244,0,0,139,94,NA,60,50,76,130,1,NA,NA,NA,NA,NA
USW00094728,2020-10-13,28,86,0,0,144,117,NA,50,20,67,94,1,NA,NA,NA,NA,NA
USW00094728,2020-10-14,19,0,0,0,194,100,NA,240,240,45,67,NA,NA,NA,NA,NA,NA
USW00094728,2020-10-15,21,0,0,0,217,139,NA,180,200,54,107,NA,NA,NA,NA,NA,NA
USW00094728,2020-10-16,20,345,0,0,189,83,NA,310,300,67,116,1,NA,NA,NA,NA,NA
USW00094728,2020-10-17,16,3,0,0,150,67,NA,20,270,54,72,NA,NA,NA,NA,NA,NA
USW00094728,2020-10-18,17,0,0,0,167,78,NA,120,190,58,98,NA,NA,NA,NA,NA,NA
USW00094728,2020-10-19,11,0,0,0,183,106,NA,150,140,40,85,NA,NA,NA,NA,NA,NA
USW00094728,2020-10-20,7,0,0,0,217,139,NA,140,160,31,49,1,NA,NA,NA,NA,NA
USW00094728,2020-10-21,6,0,0,0,200,150,NA,140,140,36,54,1,NA,NA,NA,NA,NA
USW00094728,2020-10-22,4,0,0,0,200,178,NA,50,20,36,67,1,NA,NA,NA,NA,1
USW00094728,2020-10-23,5,0,0,0,206,172,NA,240,NA,31,NA,1,NA,NA,NA,NA,NA
USW00094728,2020-10-24,20,0,0,0,206,89,NA,310,290,58,89,NA,NA,NA,NA,NA,NA
USW00094728,2020-10-25,26,5,0,0,117,72,NA,50,80,63,85,1,NA,NA,NA,NA,NA
USW00094728,2020-10-26,18,5,0,0,150,106,NA,80,110,58,98,1,NA,NA,NA,NA,NA
USW00094728,2020-10-27,13,0,0,0,150,111,NA,300,300,54,72,1,1,NA,NA,NA,NA
USW00094728,2020-10-28,12,28,0,0,139,111,NA,280,260,36,58,1,NA,NA,NA,NA,NA
USW00094728,2020-10-29,40,389,0,0,133,78,NA,50,50,89,134,1,NA,NA,NA,NA,NA
USW00094728,2020-10-30,34,163,0,0,83,28,NA,40,20,89,157,1,NA,NA,NA,NA,NA
USW00094728,2020-10-31,12,0,0,0,78,0,NA,60,230,40,58,NA,NA,NA,NA,NA,NA
USW00094728,2020-11-01,26,102,0,0,128,61,NA,300,300,89,157,1,NA,NA,NA,NA,NA
USW00094728,2020-11-02,47,0,0,0,67,33,NA,280,290,103,192,NA,NA,NA,NA,NA,NA
USW00094728,2020-11-03,39,0,0,0,117,44,NA,300,210,89,130,NA,NA,NA,NA,NA,NA
USW00094728,2020-11-04,15,0,0,0,167,44,NA,220,210,45,94,NA,NA,NA,NA,NA,NA
USW00094728,2020-11-05,18,0,0,0,194,111,NA,240,230,63,89,1,NA,NA,NA,NA,NA
USW00094728,2020-11-06,21,0,0,0,211,133,NA,210,240,54,76,NA,NA,NA,NA,NA,NA
USW00094728,2020-11-07,16,0,0,0,233,133,NA,230,200,36,63,NA,NA,NA,NA,NA,NA
USW00094728,2020-11-08,8,0,0,0,239,133,NA,280,270,31,45,NA,NA,NA,NA,NA,NA
USW00094728,2020-11-09,6,0,0,0,239,122,NA,240,250,45,67,NA,NA,NA,NA,NA,1
USW00094728,2020-11-10,23,0,0,0,233,156,NA,240,240,58,85,NA,NA,NA,NA,NA,NA
USW00094728,2020-11-11,13,198,0,0,222,178,NA,220,230,58,85,1,NA,NA,NA,NA,NA
USW00094728,2020-11-12,30,61,0,0,200,78,NA,10,10,76,116,1,NA,NA,NA,NA,NA
USW00094728,2020-11-13,18,48,0,0,100,83,NA,300,40,54,76,1,NA,NA,NA,NA,1
USW00094728,2020-11-14,21,0,0,0,111,56,NA,310,300,63,94,NA,NA,NA,NA,NA,NA
USW00094728,2020-11-15,33,18,0,0,178,50,NA,270,260,103,183,1,NA,NA,NA,NA,NA
USW00094728,2020-11-16,30,0,0,0,128,67,NA,280,250,81,125,NA,NA,NA,NA,NA,NA
USW00094728,2020-11-17,32,0,0,0,100,22,NA,300,310,94,134,NA,NA,NA,NA,NA,NA
USW00094728,2020-11-18,41,0,0,0,22,-10,NA,300,300,94,148,NA,NA,NA,NA,NA,NA
USW00094728,2020-11-19,23,0,0,0,89,-10,NA,230,230,72,121,NA,NA,NA,NA,NA,NA
USW00094728,2020-11-20,27,0,0,0,172,72,NA,250,220,67,112,NA,NA,NA,NA,NA,NA
USW00094728,2020-11-21,19,0,0,0,178,94,NA,10,10,58,85,NA,NA,NA,NA,NA,NA
USW00094728,2020-11-22,34,0,0,0,150,67,NA,60,50,67,89,1,NA,NA,NA,NA,NA
USW00094728,2020-11-23,33,137,0,0,156,56,NA,300,290,98,157,1,NA,NA,NA,NA,NA
USW00094728,2020-11-24,26,0,0,0,89,50,NA,300,300,63,89,NA,NA,NA,NA,NA,NA
USW00094728,2020-11-25,17,0,0,0,133,72,NA,240,250,54,81,NA,NA,NA,NA,NA,NA
USW00094728,2020-11-26,21,201,0,0,183,128,NA,270,270,58,89,1,NA,NA,NA,NA,NA
USW00094728,2020-11-27,15,0,0,0,172,106,NA,290,270,40,63,NA,NA,NA,NA,NA,NA
USW00094728,2020-11-28,22,0,0,0,133,67,NA,280,10,63,98,NA,NA,NA,NA,NA,NA
USW00094728,2020-11-29,10,0,0,0,122,50,NA,230,200,40,63,NA,NA,NA,NA,NA,NA
USW00094728,2020-11-30,28,249,0,0,172,100,NA,170,200,89,157,1,NA,NA,NA,NA,NA
USW00094728,2020-12-01,26,0,0,0,167,28,NA,260,240,98,152,NA,NA,NA,NA,NA,NA
USW00094728,2020-12-02,47,0,0,0,61,22,NA,250,203,89,139,NA,NA,NA,NA,NA,NA
USW00094728,2020-12-03,30,0,0,0,100,17,NA,240,240,63,98,NA,NA,NA,NA,NA,NA
USW00094728,2020-12-04,22,28,0,0,111,67,NA,220,220,72,103,1,NA,NA,NA,NA,NA
USW00094728,2020-12-05,39,259,0,0,83,39,NA,300,310,98,157,1,NA,NA,NA,NA,NA
USW00094728,2020-12-06,48,0,0,0,44,6,NA,310,310,94,152,NA,NA,NA,NA,NA,NA
USW00094728,2020-12-07,27,0,0,0,44,0,NA,350,360,58,89,NA,NA,NA,NA,NA,NA
USW00094728,2020-12-08,38,0,0,0,22,-10,NA,300,290,72,107,NA,NA,NA,NA,NA,NA
USW00094728,2020-12-09,29,13,0,0,33,-5,NA,240,250,76,107,1,NA,NA,NA,NA,1
USW00094728,2020-12-10,28,0,0,0,94,22,NA,300,280,72,103,NA,NA,NA,NA,NA,NA
USW00094728,2020-12-11,16,0,0,0,139,39,NA,230,240,54,85,NA,NA,NA,NA,NA,NA
USW00094728,2020-12-12,17,0,0,0,144,78,NA,220,220,54,89,1,NA,NA,NA,NA,1
USW00094728,2020-12-13,31,0,0,0,167,83,NA,270,280,67,112,NA,NA,NA,NA,NA,NA
USW00094728,2020-12-14,20,66,0,0,83,17,NA,300,280,76,112,1,NA,NA,NA,NA,NA
USW00094728,2020-12-15,34,0,0,0,39,-10,NA,310,290,72,103,NA,NA,NA,NA,NA,NA
USW00094728,2020-12-16,50,218,165,0,-5,-43,NA,50,40,107,170,1,1,NA,NA,NA,1
USW00094728,2020-12-17,42,168,102,230,6,-43,NA,60,30,98,179,1,1,NA,NA,NA,1
USW00094728,2020-12-18,29,0,0,200,0,-43,NA,360,350,58,89,NA,NA,NA,NA,NA,NA
USW00094728,2020-12-19,13,0,0,180,0,-66,NA,340,340,54,67,NA,NA,NA,NA,NA,NA
USW00094728,2020-12-20,10,3,0,150,44,-5,NA,240,250,54,81,1,NA,NA,NA,NA,1
USW00094728,2020-12-21,16,0,0,130,78,28,NA,240,250,67,94,1,NA,NA,NA,NA,1
USW00094728,2020-12-22,31,0,0,80,78,33,NA,300,310,94,139,1,NA,NA,NA,NA,1
USW00094728,2020-12-23,22,0,0,50,72,22,NA,300,310,63,98,NA,NA,NA,NA,NA,NA
USW00094728,2020-12-24,38,61,0,30,150,61,NA,150,140,81,161,1,NA,NA,NA,NA,1
USW00094728,2020-12-25,47,234,0,0,161,-16,NA,150,140,107,210,1,NA,NA,NA,NA,NA
USW00094728,2020-12-26,42,0,0,0,0,-43,NA,240,250,89,121,NA,NA,NA,NA,NA,NA
USW00094728,2020-12-27,18,0,0,0,28,-43,NA,150,140,45,63,NA,NA,NA,NA,NA,NA
USW00094728,2020-12-28,24,0,0,0,100,17,NA,270,230,58,85,NA,NA,NA,NA,NA,NA
USW00094728,2020-12-29,40,0,0,0,61,-10,NA,310,300,89,134,NA,NA,NA,NA,NA,NA
USW00094728,2020-12-30,23,0,0,0,61,-21,NA,220,210,72,130,NA,NA,NA,NA,NA,NA
USW00094728,2020-12-31,23,122,0,0,89,22,NA,300,300,67,98,1,NA,NA,NA,NA,NA
USW00094728,2021-01-01,25,157,0,0,44,6,NA,100,120,54,76,1,NA,NA,NA,NA,NA
USW00094728,2021-01-02,30,13,0,0,106,22,NA,300,320,98,148,1,NA,NA,NA,NA,NA
USW00094728,2021-01-03,41,56,0,0,33,11,NA,50,50,81,121,1,NA,NA,NA,NA,NA
USW00094728,2021-01-04,20,5,0,0,61,17,NA,30,40,54,81,1,NA,NA,NA,NA,NA
USW00094728,2021-01-05,22,0,0,0,56,22,NA,350,360,54,76,NA,NA,NA,NA,NA,NA
USW00094728,2021-01-06,37,0,0,0,50,11,NA,300,300,94,139,NA,NA,NA,NA,NA,NA
USW00094728,2021-01-07,31,0,0,0,50,-10,NA,300,310,67,98,NA,NA,NA,NA,NA,NA
USW00094728,2021-01-08,27,0,0,0,28,-27,NA,10,20,58,85,NA,NA,NA,NA,NA,NA
USW00094728,2021-01-09,31,0,0,0,28,-43,NA,360,30,76,125,NA,NA,NA,NA,NA,NA
USW00094728,2021-01-10,19,0,0,0,50,-16,NA,360,10,58,76,NA,NA,NA,NA,NA,NA
USW00094728,2021-01-11,11,0,0,0,28,-21,NA,290,300,36,49,NA,NA,NA,NA,NA,NA
USW00094728,2021-01-12,20,0,0,0,67,6,NA,20,20,40,54,NA,NA,NA,NA,NA,NA
USW00094728,2021-01-13,14,0,0,0,61,17,NA,230,260,58,89,NA,NA,NA,NA,NA,NA
USW00094728,2021-01-14,9,0,0,0,94,39,NA,300,230,36,54,NA,NA,NA,NA,NA,1
USW00094728,2021-01-15,36,97,0,0,78,33,NA,100,90,72,107,1,NA,1,NA,NA,1
USW00094728,2021-01-16,38,198,0,0,83,28,NA,50,60,98,134,1,NA,NA,NA,NA,NA
USW00094728,2021-01-17,37,0,0,0,67,17,NA,270,260,81,157,NA,NA,NA,NA,NA,NA
USW00094728,2021-01-18,34,0,0,0,72,28,NA,270,280,72,103,NA,NA,NA,NA,NA,NA
USW00094728,2021-01-19,26,0,0,0,61,17,NA,270,240,76,121,NA,NA,NA,NA,NA,NA
USW00094728,2021-01-20,34,5,0,0,44,-27,NA,300,300,94,143,1,NA,NA,NA,NA,NA
USW00094728,2021-01-21,17,0,0,0,61,-38,NA,220,240,72,103,NA,NA,NA,NA,NA,NA
USW00094728,2021-01-22,34,0,0,0,72,22,NA,280,260,72,130,NA,NA,NA,NA,NA,NA
USW00094728,2021-01-23,51,0,0,0,22,-43,NA,310,290,103,152,NA,NA,NA,NA,NA,NA
USW00094728,2021-01-24,45,0,0,0,0,-55,0,300,300,89,143,NA,NA,NA,NA,NA,NA
USW00094728,2021-01-25,23,0,0,0,28,-49,NA,40,40,63,98,NA,NA,NA,NA,NA,NA
USW00094728,2021-01-26,32,25,3,0,11,-5,NA,50,50,67,94,1,NA,NA,NA,NA,1
USW00094728,2021-01-27,26,0,0,0,28,-5,NA,300,300,67,103,1,NA,NA,NA,NA,NA
USW00094728,2021-01-28,46,0,0,0,11,-66,NA,300,300,103,165,NA,NA,NA,NA,NA,NA
USW00094728,2021-01-29,62,0,0,0,-38,-99,NA,300,310,116,192,NA,NA,NA,NA,NA,NA
USW00094728,2021-01-30,34,0,0,0,0,-82,NA,310,300,67,98,NA,NA,NA,NA,NA,NA
USW00094728,2021-01-31,30,30,51,0,-32,-66,NA,50,60,76,107,1,NA,NA,NA,NA,1
USW00094728,2021-02-01,64,470,376,130,11,-55,NA,30,40,89,161,1,1,NA,NA,NA,NA
USW00094728,2021-02-02,38,33,10,360,6,-10,NA,10,20,72,107,1,NA,NA,NA,NA,1
USW00094728,2021-02-03,34,3,5,330,28,-16,NA,290,290,67,98,1,NA,NA,NA,NA,1
USW00094728,2021-02-04,31,0,0,280,61,-5,NA,300,280,72,112,NA,NA,NA,NA,NA,NA
USW00094728,2021-02-05,22,18,0,230,83,28,NA,270,280,76,112,NA,NA,NA,NA,NA,NA
USW00094728,2021-02-06,31,0,0,180,67,11,NA,240,240,112,165,NA,NA,NA,NA,NA,NA
USW00094728,2021-02-07,28,99,114,150,44,-43,NA,300,300,67,121,1,1,NA,NA,NA,1
USW00094728,2021-02-08,29,0,0,250,-16,-82,NA,300,300,72,112,NA,NA,NA,NA,NA,NA
USW00094728,2021-02-09,22,0,0,230,6,-27,NA,360,100,45,72,1,NA,NA,NA,NA,1
USW00094728,2021-02-10,18,3,0,230,17,-32,NA,300,300,45,67,NA,NA,NA,NA,NA,NA
USW00094728,2021-02-11,27,25,33,230,6,-32,NA,350,20,58,81,1,NA,NA,NA,NA,1
USW00094728,2021-02-12,24,0,0,200,-10,-66,NA,50,40,63,85,NA,NA,NA,NA,NA,NA
USW00094728,2021-02-13,31,0,0,200,-10,-38,NA,50,50,76,94,NA,NA,NA,1,1,NA
USW00094728,2021-02-14,19,0,0,200,33,-27,NA,50,40,63,81,NA,NA,NA,1,NA,NA
USW00094728,2021-02-15,26,5,0,180,22,-5,NA,60,40,63,81,1,NA,NA,1,NA,1
USW00094728,2021-02-16,35,208,0,150,106,11,NA,280,280,89,139,1,NA,NA,1,NA,NA
USW00094728,2021-02-17,32,0,0,80,11,-55,NA,300,310,98,139,NA,NA,NA,NA,NA,NA
USW00094728,2021-02-18,35,114,81,50,-10,-43,NA,50,40,72,103,1,1,NA,NA,1,1
USW00094728,2021-02-19,31,36,30,130,6,-21,NA,60,50,76,98,1,NA,NA,NA,1,1
USW00094728,2021-02-20,36,0,0,150,17,-32,NA,300,300,81,121,NA,NA,NA,NA,NA,NA
USW00094728,2021-02-21,26,0,0,130,28,-43,NA,310,290,58,81,NA,NA,NA,NA,NA,NA
USW00094728,2021-02-22,15,132,10,80,39,0,NA,210,100,63,125,1,1,NA,NA,NA,NA
USW00094728,2021-02-23,27,3,0,80,72,22,NA,250,300,72,112,NA,NA,NA,NA,NA,1
USW00094728,2021-02-24,29,0,0,50,122,39,NA,230,230,72,107,NA,NA,NA,NA,NA,NA
USW00094728,2021-02-25,39,0,0,0,100,44,NA,300,310,94,157,NA,NA,NA,NA,NA,NA
USW00094728,2021-02-26,19,0,0,0,72,6,NA,150,190,45,81,NA,NA,NA,NA,NA,NA
USW00094728,2021-02-27,21,99,0,0,100,33,NA,250,260,58,89,1,NA,NA,NA,NA,NA
USW00094728,2021-02-28,23,56,0,0,72,50,NA,60,120,63,81,1,NA,NA,NA,NA,NA
USW00094728,2021-03-01,40,41,0,0,94,-5,NA,300,310,103,174,1,NA,NA,NA,NA,NA
USW00094728,2021-03-02,48,0,0,0,6,-60,NA,300,310,112,174,NA,NA,NA,NA,NA,NA
USW00094728,2021-03-03,27,0,0,0,111,0,NA,280,250,67,103,NA,NA,NA,NA,NA,NA
USW00094728,2021-03-04,47,0,0,0,72,-27,NA,300,310,103,157,NA,NA,NA,NA,NA,NA
USW00094728,2021-03-05,52,0,0,0,28,-49,NA,300,300,94,157,NA,NA,NA,NA,NA,NA
USW00094728,2021-03-06,39,0,0,0,11,-16,NA,290,290,76,130,NA,NA,NA,NA,NA,NA
USW00094728,2021-03-07,32,0,0,0,50,-16,NA,270,270,67,94,NA,NA,NA,NA,NA,NA
USW00094728,2021-03-08,22,0,0,0,61,-32,NA,250,220,54,81,NA,NA,NA,NA,NA,NA
USW00094728,2021-03-09,33,0,0,0,178,56,NA,300,240,67,107,NA,NA,NA,NA,NA,NA
USW00094728,2021-03-10,27,0,0,0,122,50,NA,140,150,58,85,NA,NA,NA,NA,NA,NA
USW00094728,2021-03-11,12,0,0,0,217,67,NA,220,200,63,103,1,NA,NA,NA,NA,1
USW00094728,2021-03-12,33,0,0,0,200,111,NA,300,290,81,139,NA,NA,NA,NA,NA,NA
USW00094728,2021-03-13,36,0,0,0,111,6,NA,310,290,103,161,NA,NA,NA,NA,NA,NA
USW00094728,2021-03-14,49,0,0,0,122,-5,NA,300,300,107,179,NA,NA,NA,NA,NA,NA
USW00094728,2021-03-15,38,0,0,0,39,-43,NA,300,300,112,170,NA,NA,NA,NA,NA,NA
USW00094728,2021-03-16,21,0,0,0,28,-16,NA,50,50,58,72,NA,NA,NA,1,NA,NA
USW00094728,2021-03-17,13,0,0,0,83,11,NA,140,160,36,54,NA,NA,NA,NA,NA,NA
USW00094728,2021-03-18,27,152,0,0,83,50,NA,20,40,76,130,1,NA,NA,NA,NA,1
USW00094728,2021-03-19,51,18,0,0,61,-5,NA,10,10,103,157,NA,NA,NA,NA,NA,NA
USW00094728,2021-03-20,12,0,0,0,150,6,NA,270,260,45,72,NA,NA,NA,NA,NA,NA
USW00094728,2021-03-21,14,0,0,0,172,56,NA,140,140,45,67,NA,NA,NA,NA,NA,NA
USW00094728,2021-03-22,17,0,0,0,167,56,NA,140,140,45,67,NA,NA,NA,NA,NA,1
USW00094728,2021-03-23,21,0,0,0,189,61,NA,140,150,54,85,1,NA,NA,NA,NA,1
USW00094728,2021-03-24,18,323,0,0,133,83,NA,70,70,45,63,1,NA,NA,NA,NA,NA
USW00094728,2021-03-25,16,3,0,0,200,94,NA,230,230,63,85,1,NA,NA,NA,NA,1
USW00094728,2021-03-26,36,48,0,0,278,111,NA,210,220,125,197,1,NA,NA,NA,NA,1
USW00094728,2021-03-27,25,0,0,0,206,100,NA,240,210,67,107,NA,NA,NA,NA,NA,NA
USW00094728,2021-03-28,30,193,0,0,156,89,NA,210,190,94,143,1,NA,NA,NA,NA,NA
USW00094728,2021-03-29,45,0,0,0,128,72,NA,220,230,116,170,NA,NA,NA,NA,NA,NA
USW00094728,2021-03-30,27,0,0,0,161,56,NA,90,100,72,112,NA,NA,NA,NA,NA,NA
USW00094728,2021-03-31,22,89,0,0,194,100,NA,110,120,58,85,1,NA,NA,NA,NA,NA
USW00094728,2021-04-01,48,8,0,0,144,33,NA,250,230,94,143,1,NA,NA,NA,NA,NA
USW00094728,2021-04-02,43,0,0,0,39,-21,NA,240,230,72,134,NA,NA,NA,NA,NA,NA
USW00094728,2021-04-03,27,0,0,0,117,0,NA,240,NA,40,NA,NA,NA,NA,NA,NA,NA
USW00094728,2021-04-04,18,0,0,0,183,72,NA,290,NA,45,NA,NA,NA,NA,NA,NA,NA
USW00094728,2021-04-05,39,0,0,0,200,89,NA,240,240,63,130,NA,NA,NA,NA,NA,NA
USW00094728,2021-04-06,24,0,0,0,211,83,NA,240,230,67,98,NA,NA,NA,NA,NA,NA
USW00094728,2021-04-07,13,0,0,0,222,106,NA,100,80,54,72,NA,NA,NA,NA,NA,NA
USW00094728,2021-04-08,19,0,0,0,211,94,NA,90,110,58,89,NA,NA,NA,NA,NA,NA
USW00094728,2021-04-09,15,3,0,0,150,94,NA,90,110,45,67,NA,NA,NA,NA,NA,NA
USW00094728,2021-04-10,13,3,0,0,211,106,NA,90,110,45,72,1,NA,NA,NA,NA,NA
USW00094728,2021-04-11,32,107,0,0,139,83,NA,360,10,89,134,1,1,NA,NA,NA,NA
USW00094728,2021-04-12,34,124,0,0,106,72,NA,360,360,89,139,1,NA,NA,NA,NA,NA
USW00094728,2021-04-13,23,15,0,0,183,67,NA,90,330,54,72,1,NA,NA,NA,NA,NA
USW00094728,2021-04-14,13,0,0,0,222,89,NA,190,190,58,89,NA,NA,NA,NA,NA,NA
USW00094728,2021-04-15,22,211,0,0,144,72,NA,320,250,54,103,1,NA,NA,NA,NA,1
USW00094728,2021-04-16,30,10,0,0,117,50,NA,210,220,72,125,1,NA,NA,NA,NA,NA
USW00094728,2021-04-17,23,0,0,0,133,61,NA,240,250,58,81,NA,NA,NA,NA,NA,NA
USW00094728,2021-04-18,16,0,0,0,178,94,NA,220,230,45,76,NA,NA,NA,NA,NA,NA
USW00094728,2021-04-19,13,0,0,0,183,111,NA,100,190,54,89,NA,NA,NA,NA,NA,NA
USW00094728,2021-04-20,19,0,0,0,244,117,NA,190,190,72,116,NA,NA,NA,NA,NA,NA
USW00094728,2021-04-21,33,28,0,0,200,39,NA,240,240,98,161,1,NA,1,NA,NA,NA
USW00094728,2021-04-22,53,0,0,0,89,22,NA,240,240,98,143,NA,NA,NA,NA,NA,NA
USW00094728,2021-04-23,33,0,0,0,178,39,NA,320,300,72,130,NA,NA,NA,NA,NA,NA
USW00094728,2021-04-24,18,0,0,0,222,111,NA,250,210,63,103,NA,NA,NA,NA,NA,NA
USW00094728,2021-04-25,24,150,0,0,172,94,NA,330,330,63,103,1,NA,NA,NA,NA,NA
USW00094728,2021-04-26,39,0,0,0,156,50,NA,330,310,81,134,NA,NA,NA,NA,NA,NA
USW00094728,2021-04-27,9,0,0,0,178,78,NA,330,160,40,58,NA,NA,NA,NA,NA,NA
USW00094728,2021-04-28,11,13,0,0,294,111,NA,50,60,72,107,NA,NA,NA,NA,NA,NA
USW00094728,2021-04-29,11,5,0,0,239,150,NA,240,270,58,94,1,NA,NA,NA,NA,1
USW00094728,2021-04-30,55,8,0,0,217,78,NA,310,290,98,197,NA,NA,NA,NA,NA,NA
USW00094728,2021-05-01,38,0,0,0,183,56,NA,320,290,81,130,NA,NA,NA,NA,NA,NA
USW00094728,2021-05-02,32,0,0,0,278,133,NA,70,260,98,121,NA,NA,NA,NA,NA,NA
USW00094728,2021-05-03,26,147,0,0,189,111,NA,80,70,58,81,1,NA,NA,NA,NA,NA
USW00094728,2021-05-04,22,58,0,0,228,111,NA,140,140,67,103,1,NA,NA,NA,NA,NA
USW00094728,2021-05-05,18,79,0,0,167,111,NA,310,320,63,116,1,NA,NA,NA,NA,NA
USW00094728,2021-05-06,26,0,0,0,189,100,NA,320,300,76,121,NA,NA,NA,NA,NA,1
USW00094728,2021-05-07,21,0,0,0,189,94,NA,70,130,58,81,NA,NA,NA,NA,NA,NA
USW00094728,2021-05-08,16,13,0,0,128,89,NA,70,140,58,81,1,NA,NA,NA,NA,NA
USW00094728,2021-05-09,20,119,0,0,183,78,NA,260,260,63,94,1,NA,NA,NA,NA,NA
USW00094728,2021-05-10,21,8,0,0,156,83,NA,80,310,58,76,1,NA,NA,NA,NA,NA
USW00094728,2021-05-11,30,0,0,0,194,94,NA,290,270,72,125,NA,NA,NA,NA,NA,NA
USW00094728,2021-05-12,28,0,0,0,200,78,NA,310,330,81,121,NA,NA,NA,NA,NA,NA
USW00094728,2021-05-13,17,0,0,0,222,100,NA,250,260,54,94,NA,NA,NA,NA,NA,NA
USW00094728,2021-05-14,20,0,0,0,244,111,NA,230,220,45,76,NA,NA,NA,NA,NA,NA
USW00094728,2021-05-15,14,0,0,0,261,128,NA,240,250,40,76,NA,NA,NA,NA,NA,NA
USW00094728,2021-05-16,9,3,0,0,239,150,NA,70,70,72,103,NA,NA,NA,NA,NA,NA
USW00094728,2021-05-17,16,0,0,0,256,133,NA,250,260,45,81,NA,NA,NA,NA,NA,NA
USW00094728,2021-05-18,22,0,0,0,278,156,NA,230,230,58,94,NA,NA,NA,NA,NA,NA
USW00094728,2021-05-19,22,0,0,0,300,183,NA,50,40,54,76,NA,NA,NA,NA,NA,NA
USW00094728,2021-05-20,11,0,0,0,244,150,NA,130,130,45,72,NA,NA,NA,NA,NA,NA
USW00094728,2021-05-21,7,0,0,0,261,144,NA,160,190,40,67,NA,NA,NA,NA,NA,NA
USW00094728,2021-05-22,15,0,0,0,317,183,NA,300,310,58,89,NA,NA,NA,NA,NA,NA
USW00094728,2021-05-23,32,0,0,0,311,200,NA,30,40,94,139,NA,NA,NA,NA,NA,NA
USW00094728,2021-05-24,26,0,0,0,200,150,NA,40,60,67,94,NA,NA,NA,NA,NA,NA
USW00094728,2021-05-25,20,0,0,0,228,144,NA,240,180,45,76,NA,NA,NA,NA,NA,1
USW00094728,2021-05-26,19,18,0,0,300,183,NA,280,240,72,112,1,NA,1,NA,NA,1
USW00094728,2021-05-27,22,5,0,0,272,183,NA,310,270,58,89,1,NA,NA,NA,NA,NA
USW00094728,2021-05-28,43,310,0,0,206,94,NA,70,70,107,161,1,NA,NA,NA,NA,NA
USW00094728,2021-05-29,53,117,0,0,106,83,NA,70,90,98,157,1,NA,NA,NA,NA,NA
USW00094728,2021-05-30,34,226,0,0,106,83,NA,50,40,67,107,1,NA,NA,NA,NA,1
USW00094728,2021-05-31,17,5,0,0,211,94,NA,300,280,54,81,1,NA,NA,NA,NA,NA
USW00094728,2021-06-01,8,0,0,0,244,139,NA,240,240,45,72,NA,NA,NA,NA,NA,NA
USW00094728,2021-06-02,11,0,0,0,239,167,NA,240,170,45,76,NA,NA,NA,NA,NA,NA
USW00094728,2021-06-03,6,97,0,0,233,156,NA,230,50,31,63,1,NA,NA,NA,NA,1
USW00094728,2021-06-04,15,99,0,0,256,172,NA,280,280,76,125,1,NA,1,NA,NA,NA
USW00094728,2021-06-05,22,0,0,0,317,189,NA,240,250,58,98,NA,NA,NA,NA,NA,NA
USW00094728,2021-06-06,13,0,0,0,333,244,NA,220,220,45,94,NA,NA,NA,NA,NA,NA
USW00094728,2021-06-07,13,18,0,0,328,244,NA,140,180,40,72,1,NA,1,NA,NA,1
USW00094728,2021-06-08,12,119,0,0,322,222,NA,310,310,67,103,1,NA,NA,NA,NA,NA
USW00094728,2021-06-09,13,3,0,0,322,222,NA,230,220,45,72,1,NA,1,NA,NA,NA
USW00094728,2021-06-10,28,0,0,0,289,183,NA,60,70,72,107,NA,NA,NA,NA,NA,NA
USW00094728,2021-06-11,23,0,0,0,206,167,NA,60,100,58,76,NA,NA,NA,NA,NA,NA
USW00094728,2021-06-12,17,0,0,0,206,167,NA,60,50,54,72,NA,NA,NA,NA,NA,NA
USW00094728,2021-06-13,10,3,0,0,244,167,NA,260,170,36,49,NA,NA,NA,NA,NA,NA
USW00094728,2021-06-14,11,56,0,0,228,178,NA,130,NA,40,NA,1,NA,1,NA,NA,NA
USW00094728,2021-06-15,21,0,0,0,267,189,NA,300,300,58,89,NA,NA,NA,NA,NA,NA
USW00094728,2021-06-16,20,0,0,0,250,167,NA,300,280,58,89,NA,NA,NA,NA,NA,NA
USW00094728,2021-06-17,17,0,0,0,256,139,NA,310,300,54,72,NA,NA,NA,NA,NA,NA
USW00094728,2021-06-18,21,0,0,0,289,172,NA,230,230,58,98,NA,NA,NA,NA,NA,NA
USW00094728,2021-06-19,19,36,0,0,311,183,NA,240,270,67,107,1,NA,NA,NA,NA,NA
USW00094728,2021-06-20,11,0,0,0,300,189,NA,270,170,45,72,NA,NA,NA,NA,NA,NA
USW00094728,2021-06-21,17,0,0,0,300,239,NA,230,220,63,98,NA,NA,NA,NA,NA,NA
USW00094728,2021-06-22,22,61,0,0,256,150,NA,280,280,58,98,1,NA,NA,NA,NA,NA
USW00094728,2021-06-23,17,0,0,0,244,128,NA,290,280,54,81,NA,NA,NA,NA,NA,NA
USW00094728,2021-06-24,17,0,0,0,250,161,NA,220,130,45,85,NA,NA,NA,NA,NA,NA
USW00094728,2021-06-25,10,0,0,0,272,178,NA,140,130,40,81,NA,NA,NA,NA,NA,NA
USW00094728,2021-06-26,14,10,0,0,283,200,NA,200,180,45,76,1,NA,NA,NA,NA,1
USW00094728,2021-06-27,21,0,0,0,322,228,NA,230,210,45,98,NA,NA,NA,NA,NA,NA
USW00094728,2021-06-28,22,0,0,0,333,244,NA,240,230,63,94,NA,NA,NA,NA,NA,NA
USW00094728,2021-06-29,20,0,0,0,350,256,NA,240,220,54,98,NA,NA,NA,NA,NA,NA
USW00094728,2021-06-30,23,165,0,0,367,228,NA,10,320,63,94,1,NA,1,NA,NA,NA
USW00094728,2021-07-01,9,229,0,0,289,222,NA,310,310,54,81,1,NA,NA,NA,NA,NA
USW00094728,2021-07-02,16,170,0,0,261,167,NA,70,70,81,112,1,NA,1,NA,NA,NA
USW00094728,2021-07-03,26,86,0,0,189,150,NA,60,60,67,94,1,NA,NA,NA,NA,NA
USW00094728,2021-07-04,11,0,0,0,261,156,NA,140,120,36,72,1,NA,NA,NA,NA,1
USW00094728,2021-07-05,17,0,0,0,283,194,NA,60,190,54,72,1,NA,NA,NA,NA,1
USW00094728,2021-07-06,26,140,0,0,333,217,NA,300,300,112,165,1,NA,1,NA,NA,NA
USW00094728,2021-07-07,11,0,0,0,328,217,NA,230,220,45,76,1,NA,NA,NA,NA,1
USW00094728,2021-07-08,22,577,0,0,289,217,NA,40,40,67,107,1,1,1,NA,NA,1
USW00094728,2021-07-09,18,523,0,0,294,211,NA,210,200,63,116,1,NA,1,NA,NA,NA
USW00094728,2021-07-10,13,69,0,0,272,200,NA,90,40,40,58,1,NA,NA,NA,NA,NA
USW00094728,2021-07-11,8,3,0,0,256,211,NA,150,130,40,67,1,NA,NA,NA,NA,NA
USW00094728,2021-07-12,22,361,0,0,300,222,NA,60,50,63,89,1,1,1,NA,NA,1
USW00094728,2021-07-13,26,0,0,0,222,206,NA,60,50,54,72,1,NA,NA,NA,NA,NA
USW00094728,2021-07-14,12,0,0,0,306,206,NA,280,280,54,94,1,NA,NA,NA,NA,NA
USW00094728,2021-07-15,12,0,0,0,317,233,NA,150,130,36,63,NA,NA,NA,NA,NA,NA
USW00094728,2021-07-16,13,0,0,0,328,261,NA,280,210,45,85,NA,NA,NA,NA,NA,NA
USW00094728,2021-07-17,10,157,0,0,328,228,NA,260,240,40,72,1,NA,1,NA,NA,1
USW00094728,2021-07-18,24,8,0,0,289,222,NA,240,230,58,85,1,NA,1,NA,NA,NA
USW00094728,2021-07-19,17,3,0,0,272,217,NA,50,40,54,67,NA,NA,NA,NA,NA,NA
USW00094728,2021-07-20,11,0,0,0,300,228,NA,280,240,36,54,NA,NA,NA,NA,NA,1
USW00094728,2021-07-21,9,13,0,0,267,211,NA,20,10,54,81,1,NA,1,NA,NA,1
USW00094728,2021-07-22,15,0,0,0,272,194,NA,300,300,40,67,NA,NA,NA,NA,NA,NA
USW00094728,2021-07-23,10,3,0,0,283,194,NA,50,40,45,72,NA,NA,NA,NA,NA,1
USW00094728,2021-07-24,11,0,0,0,289,194,NA,160,180,36,67,NA,NA,NA,NA,NA,NA
USW00094728,2021-07-25,12,124,0,0,283,189,NA,50,210,63,81,1,NA,NA,NA,NA,NA
USW00094728,2021-07-26,10,198,0,0,311,222,NA,300,310,54,76,1,NA,1,NA,NA,1
USW00094728,2021-07-27,13,0,0,0,317,228,NA,330,350,54,94,NA,NA,NA,NA,NA,1
USW00094728,2021-07-28,16,36,0,0,272,206,NA,50,70,63,85,1,NA,NA,NA,NA,NA
USW00094728,2021-07-29,17,119,0,0,250,206,NA,170,170,63,125,1,NA,NA,NA,NA,NA
USW00094728,2021-07-30,34,0,0,0,278,194,NA,300,280,72,116,1,NA,NA,NA,NA,NA
USW00094728,2021-07-31,12,0,0,0,250,156,NA,310,230,45,63,NA,NA,NA,NA,NA,NA
